,X,id,Breed,chromosome,values
1,1,1,BO,Chr_1,0.218110907
2,1,1,BO,Chr_2,0.257907281
3,1,1,BO,Chr_3,0.189382962
4,1,1,BO,Chr_4,0.190207036
5,1,1,BO,Chr_5,0.22262009
6,1,1,BO,Chr_6,0.312783269
7,1,1,BO,Chr_7,0.443253998
8,1,1,BO,Chr_8,0.487230273
9,1,1,BO,Chr_9,0.105344672
10,1,1,BO,Chr_10,0.104804054
11,1,1,BO,Chr_11,0.289259673
12,1,1,BO,Chr_12,0.165348546
13,1,1,BO,Chr_13,0.445482393
14,1,1,BO,Chr_14,0.179464739
15,1,1,BO,Chr_15,0.202608089
16,1,1,BO,Chr_16,0.233257003
17,1,1,BO,Chr_17,0.235867012
18,1,1,BO,Chr_18,0.177172942
19,1,1,BO,Chr_19,0.21735638
20,1,1,BO,Chr_20,0.395465891
21,1,1,BO,Chr_21,0.139373425
22,1,1,BO,Chr_22,0.27978316
23,1,1,BO,Chr_23,0.107041449
24,1,1,BO,Chr_24,0.121445379
25,1,1,BO,Chr_25,0.036106372
26,1,1,BO,Chr_26,0.150442279
27,1,1,BO,Chr_27,0.211753567
28,1,1,BO,Chr_28,0.104522338
29,1,1,BO,Chr_29,0.387355738
30,2,1285,KI,Chr_1,0.030936867
31,2,1285,KI,Chr_2,0.332962418
32,2,1285,KI,Chr_3,0.037261484
33,2,1285,KI,Chr_4,0.033018349
34,2,1285,KI,Chr_5,0.044669859
35,2,1285,KI,Chr_6,0.015174495
36,2,1285,KI,Chr_7,0.065947417
37,2,1285,KI,Chr_8,0.011272511
38,2,1285,KI,Chr_9,0.010515508
39,2,1285,KI,Chr_10,0.134616021
40,2,1285,KI,Chr_11,0.157305086
41,2,1285,KI,Chr_12,0.081033311
42,2,1285,KI,Chr_13,0.003842324
43,2,1285,KI,Chr_14,0.010351547
44,2,1285,KI,Chr_15,0.162354126
45,2,1285,KI,Chr_16,0.040825567
46,2,1285,KI,Chr_17,0.011521711
47,2,1285,KI,Chr_18,0.018534576
48,2,1285,KI,Chr_19,NA
49,2,1285,KI,Chr_20,0.262142593
50,2,1285,KI,Chr_21,0.147849456
51,2,1285,KI,Chr_22,NA
52,2,1285,KI,Chr_23,0.141657196
53,2,1285,KI,Chr_24,0.226380356
54,2,1285,KI,Chr_25,0.046571537
55,2,1285,KI,Chr_26,0.037360155
56,2,1285,KI,Chr_27,NA
57,2,1285,KI,Chr_28,NA
58,2,1285,KI,Chr_29,NA
59,3,1287K,KI,Chr_1,0.023630581
60,3,1287K,KI,Chr_2,NA
61,3,1287K,KI,Chr_3,0.026416564
62,3,1287K,KI,Chr_4,0.007675281
63,3,1287K,KI,Chr_5,NA
64,3,1287K,KI,Chr_6,0.003972695
65,3,1287K,KI,Chr_7,0.044309794
66,3,1287K,KI,Chr_8,0.14457178
67,3,1287K,KI,Chr_9,0.032273541
68,3,1287K,KI,Chr_10,0.012757967
69,3,1287K,KI,Chr_11,0.034698057
70,3,1287K,KI,Chr_12,0.104949821
71,3,1287K,KI,Chr_13,0.013383642
72,3,1287K,KI,Chr_14,0.118883708
73,3,1287K,KI,Chr_15,0.02458273
74,3,1287K,KI,Chr_16,0.016518145
75,3,1287K,KI,Chr_17,NA
76,3,1287K,KI,Chr_18,0.229069226
77,3,1287K,KI,Chr_19,0.06084704
78,3,1287K,KI,Chr_20,0.051713685
79,3,1287K,KI,Chr_21,0.013439915
80,3,1287K,KI,Chr_22,0.314637699
81,3,1287K,KI,Chr_23,NA
82,3,1287K,KI,Chr_24,NA
83,3,1287K,KI,Chr_25,NA
84,3,1287K,KI,Chr_26,0.290837305
85,3,1287K,KI,Chr_27,NA
86,3,1287K,KI,Chr_28,NA
87,3,1287K,KI,Chr_29,NA
88,4,1289K,KI,Chr_1,0.021272686
89,4,1289K,KI,Chr_2,0.082330474
90,4,1289K,KI,Chr_3,0.020048996
91,4,1289K,KI,Chr_4,0.027627821
92,4,1289K,KI,Chr_5,0.009939415
93,4,1289K,KI,Chr_6,0.080467797
94,4,1289K,KI,Chr_7,0.012165924
95,4,1289K,KI,Chr_8,0.036049722
96,4,1289K,KI,Chr_9,NA
97,4,1289K,KI,Chr_10,0.10478573
98,4,1289K,KI,Chr_11,0.017393386
99,4,1289K,KI,Chr_12,0.066634449
100,4,1289K,KI,Chr_13,0.017022046
101,4,1289K,KI,Chr_14,0.011726407
102,4,1289K,KI,Chr_15,NA
103,4,1289K,KI,Chr_16,NA
104,4,1289K,KI,Chr_17,0.03293781
105,4,1289K,KI,Chr_18,NA
106,4,1289K,KI,Chr_19,0.114496482
107,4,1289K,KI,Chr_20,0.467461135
108,4,1289K,KI,Chr_21,0.012897784
109,4,1289K,KI,Chr_22,NA
110,4,1289K,KI,Chr_23,0.023751429
111,4,1289K,KI,Chr_24,0.018027184
112,4,1289K,KI,Chr_25,NA
113,4,1289K,KI,Chr_26,NA
114,4,1289K,KI,Chr_27,NA
115,4,1289K,KI,Chr_28,0.025459147
116,4,1289K,KI,Chr_29,0.132895052
117,5,1290K,KI,Chr_1,0.006466101
118,5,1290K,KI,Chr_2,0.057908125
119,5,1290K,KI,Chr_3,0.087313149
120,5,1290K,KI,Chr_4,NA
121,5,1290K,KI,Chr_5,NA
122,5,1290K,KI,Chr_6,0.21642471
123,5,1290K,KI,Chr_7,0.063453103
124,5,1290K,KI,Chr_8,0.057891609
125,5,1290K,KI,Chr_9,0.02829163
126,5,1290K,KI,Chr_10,0.0677088
127,5,1290K,KI,Chr_11,0.065465805
128,5,1290K,KI,Chr_12,0.061343495
129,5,1290K,KI,Chr_13,0.030804806
130,5,1290K,KI,Chr_14,0.055815455
131,5,1290K,KI,Chr_15,0.028511358
132,5,1290K,KI,Chr_16,0.044029585
133,5,1290K,KI,Chr_17,0.043791223
134,5,1290K,KI,Chr_18,0.024715091
135,5,1290K,KI,Chr_19,0.050876467
136,5,1290K,KI,Chr_20,NA
137,5,1290K,KI,Chr_21,0.088817146
138,5,1290K,KI,Chr_22,0.077401392
139,5,1290K,KI,Chr_23,0.050122921
140,5,1290K,KI,Chr_24,NA
141,5,1290K,KI,Chr_25,0.118016051
142,5,1290K,KI,Chr_26,NA
143,5,1290K,KI,Chr_27,0.190613297
144,5,1290K,KI,Chr_28,NA
145,5,1290K,KI,Chr_29,0.165489139
146,6,1306K,KI,Chr_1,0.113040656
147,6,1306K,KI,Chr_2,NA
148,6,1306K,KI,Chr_3,0.242410886
149,6,1306K,KI,Chr_4,0.034539689
150,6,1306K,KI,Chr_5,NA
151,6,1306K,KI,Chr_6,0.298125091
152,6,1306K,KI,Chr_7,0.085657924
153,6,1306K,KI,Chr_8,0.145912329
154,6,1306K,KI,Chr_9,0.319474294
155,6,1306K,KI,Chr_10,0.15320638
156,6,1306K,KI,Chr_11,0.07532837
157,6,1306K,KI,Chr_12,0.030569065
158,6,1306K,KI,Chr_13,0.302308119
159,6,1306K,KI,Chr_14,0.248019915
160,6,1306K,KI,Chr_15,0.119413687
161,6,1306K,KI,Chr_16,0.291862161
162,6,1306K,KI,Chr_17,0.107185048
163,6,1306K,KI,Chr_18,0.02508876
164,6,1306K,KI,Chr_19,NA
165,6,1306K,KI,Chr_20,0.105179783
166,6,1306K,KI,Chr_21,0.019503936
167,6,1306K,KI,Chr_22,NA
168,6,1306K,KI,Chr_23,NA
169,6,1306K,KI,Chr_24,0.265749972
170,6,1306K,KI,Chr_25,0.026220255
171,6,1306K,KI,Chr_26,0.133641213
172,6,1306K,KI,Chr_27,NA
173,6,1306K,KI,Chr_28,NA
174,6,1306K,KI,Chr_29,0.366129405
175,7,13238,KI,Chr_1,0.128117494
176,7,13238,KI,Chr_2,0.007635792
177,7,13238,KI,Chr_3,0.051283769
178,7,13238,KI,Chr_4,0.046345671
179,7,13238,KI,Chr_5,0.022547336
180,7,13238,KI,Chr_6,0.030598538
181,7,13238,KI,Chr_7,0.008723596
182,7,13238,KI,Chr_8,NA
183,7,13238,KI,Chr_9,0.00989719
184,7,13238,KI,Chr_10,0.01822751
185,7,13238,KI,Chr_11,0.044074566
186,7,13238,KI,Chr_12,NA
187,7,13238,KI,Chr_13,0.285306419
188,7,13238,KI,Chr_14,0.027284026
189,7,13238,KI,Chr_15,0.079495132
190,7,13238,KI,Chr_16,0.228624482
191,7,13238,KI,Chr_17,0.05972887
192,7,13238,KI,Chr_18,0.014422999
193,7,13238,KI,Chr_19,0.045952147
194,7,13238,KI,Chr_20,0.039197678
195,7,13238,KI,Chr_21,NA
196,7,13238,KI,Chr_22,NA
197,7,13238,KI,Chr_23,0.084796904
198,7,13238,KI,Chr_24,NA
199,7,13238,KI,Chr_25,0.262021563
200,7,13238,KI,Chr_26,0.031940228
201,7,13238,KI,Chr_27,0.022141243
202,7,13238,KI,Chr_28,0.057697511
203,7,13238,KI,Chr_29,0.122157819
204,8,13239,BO,Chr_1,0.217844262
205,8,13239,BO,Chr_2,0.257276562
206,8,13239,BO,Chr_3,0.500601905
207,8,13239,BO,Chr_4,0.309221187
208,8,13239,BO,Chr_5,0.285904035
209,8,13239,BO,Chr_6,0.282146759
210,8,13239,BO,Chr_7,0.192972137
211,8,13239,BO,Chr_8,0.373024227
212,8,13239,BO,Chr_9,0.2331354
213,8,13239,BO,Chr_10,0.255836505
214,8,13239,BO,Chr_11,0.192924762
215,8,13239,BO,Chr_12,0.199036639
216,8,13239,BO,Chr_13,0.158213965
217,8,13239,BO,Chr_14,0.23078094
218,8,13239,BO,Chr_15,0.24851414
219,8,13239,BO,Chr_16,0.332764651
220,8,13239,BO,Chr_17,0.257857605
221,8,13239,BO,Chr_18,0.080544004
222,8,13239,BO,Chr_19,0.33771616
223,8,13239,BO,Chr_20,0.250284536
224,8,13239,BO,Chr_21,0.157350766
225,8,13239,BO,Chr_22,0.154169335
226,8,13239,BO,Chr_23,0.139569768
227,8,13239,BO,Chr_24,0.194176776
228,8,13239,BO,Chr_25,0.691493548
229,8,13239,BO,Chr_26,0.174192721
230,8,13239,BO,Chr_27,0.382673948
231,8,13239,BO,Chr_28,0.066841302
232,8,13239,BO,Chr_29,0.153927753
233,9,13240,KI,Chr_1,0.006481508
234,9,13240,KI,Chr_2,0.053099026
235,9,13240,KI,Chr_3,NA
236,9,13240,KI,Chr_4,0.030313954
237,9,13240,KI,Chr_5,0.048597513
238,9,13240,KI,Chr_6,0.041649838
239,9,13240,KI,Chr_7,0.035265717
240,9,13240,KI,Chr_8,0.007862814
241,9,13240,KI,Chr_9,0.055184161
242,9,13240,KI,Chr_10,0.008259389
243,9,13240,KI,Chr_11,0.009811862
244,9,13240,KI,Chr_12,0.159287394
245,9,13240,KI,Chr_13,0.054638542
246,9,13240,KI,Chr_14,0.047666833
247,9,13240,KI,Chr_15,0.138553567
248,9,13240,KI,Chr_16,0.013066014
249,9,13240,KI,Chr_17,0.030807556
250,9,13240,KI,Chr_18,0.014312489
251,9,13240,KI,Chr_19,0.041670655
252,9,13240,KI,Chr_20,0.039197678
253,9,13240,KI,Chr_21,NA
254,9,13240,KI,Chr_22,NA
255,9,13240,KI,Chr_23,0.039362704
256,9,13240,KI,Chr_24,0.187279506
257,9,13240,KI,Chr_25,0.128843814
258,9,13240,KI,Chr_26,NA
259,9,13240,KI,Chr_27,NA
260,9,13240,KI,Chr_28,0.20342438
261,9,13240,KI,Chr_29,NA
262,10,13242,BO,Chr_1,0.268510379
263,10,13242,BO,Chr_2,0.324222372
264,10,13242,BO,Chr_3,0.057735431
265,10,13242,BO,Chr_4,0.243397255
266,10,13242,BO,Chr_5,0.100727501
267,10,13242,BO,Chr_6,0.270414146
268,10,13242,BO,Chr_7,0.364168625
269,10,13242,BO,Chr_8,0.374260709
270,10,13242,BO,Chr_9,0.119307193
271,10,13242,BO,Chr_10,0.21257417
272,10,13242,BO,Chr_11,0.609232677
273,10,13242,BO,Chr_12,0.289485812
274,10,13242,BO,Chr_13,0.078415717
275,10,13242,BO,Chr_14,0.431262259
276,10,13242,BO,Chr_15,0.323813981
277,10,13242,BO,Chr_16,0.203895724
278,10,13242,BO,Chr_17,0.260732159
279,10,13242,BO,Chr_18,0.221927812
280,10,13242,BO,Chr_19,0.170223191
281,10,13242,BO,Chr_20,0.244809415
282,10,13242,BO,Chr_21,0.263652017
283,10,13242,BO,Chr_22,0.285559952
284,10,13242,BO,Chr_23,0.093749699
285,10,13242,BO,Chr_24,0.135645539
286,10,13242,BO,Chr_25,0.401422372
287,10,13242,BO,Chr_26,0.188593219
288,10,13242,BO,Chr_27,0.221154574
289,10,13242,BO,Chr_28,0.26561465
290,10,13242,BO,Chr_29,0.210122519
291,11,13243,BO,Chr_1,0.141314502
292,11,13243,BO,Chr_2,0.228860237
293,11,13243,BO,Chr_3,0.158107658
294,11,13243,BO,Chr_4,0.345564718
295,11,13243,BO,Chr_5,0.222132895
296,11,13243,BO,Chr_6,0.233478191
297,11,13243,BO,Chr_7,0.260842961
298,11,13243,BO,Chr_8,0.576194715
299,11,13243,BO,Chr_9,0.40114044
300,11,13243,BO,Chr_10,0.379952945
301,11,13243,BO,Chr_11,0.192243151
302,11,13243,BO,Chr_12,0.188398084
303,11,13243,BO,Chr_13,0.360002832
304,11,13243,BO,Chr_14,0.307235936
305,11,13243,BO,Chr_15,0.302888342
306,11,13243,BO,Chr_16,0.272049144
307,11,13243,BO,Chr_17,0.205444781
308,11,13243,BO,Chr_18,0.305695915
309,11,13243,BO,Chr_19,0.162437428
310,11,13243,BO,Chr_20,0.378648834
311,11,13243,BO,Chr_21,0.157788047
312,11,13243,BO,Chr_22,0.291184331
313,11,13243,BO,Chr_23,0.104869562
314,11,13243,BO,Chr_24,0.252237053
315,11,13243,BO,Chr_25,0.548272443
316,11,13243,BO,Chr_26,0.105374505
317,11,13243,BO,Chr_27,0.139430491
318,11,13243,BO,Chr_28,0.114761885
319,11,13243,BO,Chr_29,0.142223723
320,12,13244,BO,Chr_1,0.189859833
321,12,13244,BO,Chr_2,0.312947571
322,12,13244,BO,Chr_3,0.231429437
323,12,13244,BO,Chr_4,0.367283204
324,12,13244,BO,Chr_5,0.310950036
325,12,13244,BO,Chr_6,0.387856693
326,12,13244,BO,Chr_7,0.18954332
327,12,13244,BO,Chr_8,0.279376764
328,12,13244,BO,Chr_9,0.287462652
329,12,13244,BO,Chr_10,0.22175491
330,12,13244,BO,Chr_11,0.152765602
331,12,13244,BO,Chr_12,0.201019577
332,12,13244,BO,Chr_13,0.225557891
333,12,13244,BO,Chr_14,0.147664373
334,12,13244,BO,Chr_15,0.297606282
335,12,13244,BO,Chr_16,0.166030787
336,12,13244,BO,Chr_17,0.4368068
337,12,13244,BO,Chr_18,0.1490853
338,12,13244,BO,Chr_19,0.049482543
339,12,13244,BO,Chr_20,0.219392294
340,12,13244,BO,Chr_21,0.167464357
341,12,13244,BO,Chr_22,0.252027805
342,12,13244,BO,Chr_23,0.166963034
343,12,13244,BO,Chr_24,0.388722685
344,12,13244,BO,Chr_25,0.102770286
345,12,13244,BO,Chr_26,0.153355183
346,12,13244,BO,Chr_27,0.150527315
347,12,13244,BO,Chr_28,0.061179483
348,12,13244,BO,Chr_29,0.02633198
349,13,13245,KI,Chr_1,0.140081039
350,13,13245,KI,Chr_2,0.030796099
351,13,13245,KI,Chr_3,0.101096193
352,13,13245,KI,Chr_4,0.057456878
353,13,13245,KI,Chr_5,0.010619083
354,13,13245,KI,Chr_6,0.018662503
355,13,13245,KI,Chr_7,0.210935109
356,13,13245,KI,Chr_8,NA
357,13,13245,KI,Chr_9,NA
358,13,13245,KI,Chr_10,0.029996833
359,13,13245,KI,Chr_11,0.072309108
360,13,13245,KI,Chr_12,0.075889174
361,13,13245,KI,Chr_13,NA
362,13,13245,KI,Chr_14,0.008696239
363,13,13245,KI,Chr_15,NA
364,13,13245,KI,Chr_16,0.028110029
365,13,13245,KI,Chr_17,NA
366,13,13245,KI,Chr_18,NA
367,13,13245,KI,Chr_19,0.016354154
368,13,13245,KI,Chr_20,0.588574065
369,13,13245,KI,Chr_21,NA
370,13,13245,KI,Chr_22,0.018025126
371,13,13245,KI,Chr_23,0.048178229
372,13,13245,KI,Chr_24,0.180220079
373,13,13245,KI,Chr_25,NA
374,13,13245,KI,Chr_26,NA
375,13,13245,KI,Chr_27,0.044957759
376,13,13245,KI,Chr_28,0.055845042
377,13,13245,KI,Chr_29,0.016657749
378,14,13247,KI,Chr_1,0.06096586
379,14,13247,KI,Chr_2,0.063488561
380,14,13247,KI,Chr_3,0.010083745
381,14,13247,KI,Chr_4,0.020723148
382,14,13247,KI,Chr_5,NA
383,14,13247,KI,Chr_6,0.07964398
384,14,13247,KI,Chr_7,0.018745676
385,14,13247,KI,Chr_8,NA
386,14,13247,KI,Chr_9,0.076376453
387,14,13247,KI,Chr_10,NA
388,14,13247,KI,Chr_11,NA
389,14,13247,KI,Chr_12,0.022537835
390,14,13247,KI,Chr_13,NA
391,14,13247,KI,Chr_14,0.028040368
392,14,13247,KI,Chr_15,0.026695209
393,14,13247,KI,Chr_16,NA
394,14,13247,KI,Chr_17,0.039327585
395,14,13247,KI,Chr_18,0.033059199
396,14,13247,KI,Chr_19,0.018209382
397,14,13247,KI,Chr_20,0.1181333
398,14,13247,KI,Chr_21,NA
399,14,13247,KI,Chr_22,0.039876733
400,14,13247,KI,Chr_23,NA
401,14,13247,KI,Chr_24,NA
402,14,13247,KI,Chr_25,0.038034192
403,14,13247,KI,Chr_26,NA
404,14,13247,KI,Chr_27,NA
405,14,13247,KI,Chr_28,0.125155862
406,14,13247,KI,Chr_29,NA
407,15,13267,MY,Chr_1,0.322634759
408,15,13267,MY,Chr_2,0.242816784
409,15,13267,MY,Chr_3,0.241937045
410,15,13267,MY,Chr_4,0.457456236
411,15,13267,MY,Chr_5,0.162991709
412,15,13267,MY,Chr_6,0.163476035
413,15,13267,MY,Chr_7,0.12637205
414,15,13267,MY,Chr_8,0.124082314
415,15,13267,MY,Chr_9,0.676099437
416,15,13267,MY,Chr_10,0.198765716
417,15,13267,MY,Chr_11,0.363333218
418,15,13267,MY,Chr_12,0.21284344
419,15,13267,MY,Chr_13,0.375724241
420,15,13267,MY,Chr_14,0.208682531
421,15,13267,MY,Chr_15,0.198446545
422,15,13267,MY,Chr_16,0.154417454
423,15,13267,MY,Chr_17,0.442637114
424,15,13267,MY,Chr_18,0.384170784
425,15,13267,MY,Chr_19,0.452976019
426,15,13267,MY,Chr_20,0.307792577
427,15,13267,MY,Chr_21,0.197441281
428,15,13267,MY,Chr_22,0.198275503
429,15,13267,MY,Chr_23,0.274112715
430,15,13267,MY,Chr_24,0.495216411
431,15,13267,MY,Chr_25,0.255650836
432,15,13267,MY,Chr_26,0.209801724
433,15,13267,MY,Chr_27,0.206191527
434,15,13267,MY,Chr_28,0.668000765
435,15,13267,MY,Chr_29,0.150624302
436,16,13269,MY,Chr_1,0.148152767
437,16,13269,MY,Chr_2,0.268884819
438,16,13269,MY,Chr_3,0.266162778
439,16,13269,MY,Chr_4,0.294959497
440,16,13269,MY,Chr_5,0.068523103
441,16,13269,MY,Chr_6,0.349775295
442,16,13269,MY,Chr_7,0.029065223
443,16,13269,MY,Chr_8,0.242807359
444,16,13269,MY,Chr_9,0.425763438
445,16,13269,MY,Chr_10,0.368136339
446,16,13269,MY,Chr_11,0.244521695
447,16,13269,MY,Chr_12,0.234463483
448,16,13269,MY,Chr_13,0.432069585
449,16,13269,MY,Chr_14,0.511056204
450,16,13269,MY,Chr_15,0.04486769
451,16,13269,MY,Chr_16,0.035697232
452,16,13269,MY,Chr_17,0.414662687
453,16,13269,MY,Chr_18,0.111641381
454,16,13269,MY,Chr_19,0.52066994
455,16,13269,MY,Chr_20,0.185112449
456,16,13269,MY,Chr_21,0.197007058
457,16,13269,MY,Chr_22,0.106784881
458,16,13269,MY,Chr_23,0.119252804
459,16,13269,MY,Chr_24,0.426463821
460,16,13269,MY,Chr_25,0.043088043
461,16,13269,MY,Chr_26,0.485368886
462,16,13269,MY,Chr_27,0.402657369
463,16,13269,MY,Chr_28,0.210280071
464,16,13269,MY,Chr_29,0.203670234
465,17,13270,MY,Chr_1,0.206853737
466,17,13270,MY,Chr_2,0.100667465
467,17,13270,MY,Chr_3,0.278121084
468,17,13270,MY,Chr_4,0.188273085
469,17,13270,MY,Chr_5,0.047522296
470,17,13270,MY,Chr_6,0.493662298
471,17,13270,MY,Chr_7,0.152231813
472,17,13270,MY,Chr_8,0.104347794
473,17,13270,MY,Chr_9,0.353998093
474,17,13270,MY,Chr_10,0.278795892
475,17,13270,MY,Chr_11,0.236588974
476,17,13270,MY,Chr_12,0.429186108
477,17,13270,MY,Chr_13,0.164739841
478,17,13270,MY,Chr_14,0.208553417
479,17,13270,MY,Chr_15,0.339740075
480,17,13270,MY,Chr_16,0.161953701
481,17,13270,MY,Chr_17,0.142600659
482,17,13270,MY,Chr_18,0.197100227
483,17,13270,MY,Chr_19,0.254633526
484,17,13270,MY,Chr_20,0.432725058
485,17,13270,MY,Chr_21,0.117638789
486,17,13270,MY,Chr_22,0.098134953
487,17,13270,MY,Chr_23,0.427806941
488,17,13270,MY,Chr_24,0.582616447
489,17,13270,MY,Chr_25,0.115016519
490,17,13270,MY,Chr_26,0.291680509
491,17,13270,MY,Chr_27,0.401481699
492,17,13270,MY,Chr_28,0.612402668
493,17,13270,MY,Chr_29,0.09830001
494,18,13271,MY,Chr_1,0.148604142
495,18,13271,MY,Chr_2,0.446378978
496,18,13271,MY,Chr_3,0.155181095
497,18,13271,MY,Chr_4,0.122187002
498,18,13271,MY,Chr_5,0.124104019
499,18,13271,MY,Chr_6,0.207583415
500,18,13271,MY,Chr_7,0.20563079
501,18,13271,MY,Chr_8,0.249710381
502,18,13271,MY,Chr_9,0.466048461
503,18,13271,MY,Chr_10,0.161086896
504,18,13271,MY,Chr_11,0.490610858
505,18,13271,MY,Chr_12,0.132791805
506,18,13271,MY,Chr_13,0.544141367
507,18,13271,MY,Chr_14,0.120479005
508,18,13271,MY,Chr_15,0.093435246
509,18,13271,MY,Chr_16,0.231424841
510,18,13271,MY,Chr_17,0.478707605
511,18,13271,MY,Chr_18,0.568169988
512,18,13271,MY,Chr_19,0.017258154
513,18,13271,MY,Chr_20,0.497548935
514,18,13271,MY,Chr_21,0.472310698
515,18,13271,MY,Chr_22,0.11359723
516,18,13271,MY,Chr_23,0.301359194
517,18,13271,MY,Chr_24,0.204730629
518,18,13271,MY,Chr_25,0.038466922
519,18,13271,MY,Chr_26,0.227636393
520,18,13271,MY,Chr_27,0.447783907
521,18,13271,MY,Chr_28,0.327109938
522,18,13271,MY,Chr_29,0.030872982
523,19,1368,KI,Chr_1,0.159398519
524,19,1368,KI,Chr_2,0.174089802
525,19,1368,KI,Chr_3,0.305967724
526,19,1368,KI,Chr_4,0.400941904
527,19,1368,KI,Chr_5,0.217502129
528,19,1368,KI,Chr_6,0.556071717
529,19,1368,KI,Chr_7,0.21441492
530,19,1368,KI,Chr_8,0.361232231
531,19,1368,KI,Chr_9,0.621344932
532,19,1368,KI,Chr_10,0.587322988
533,19,1368,KI,Chr_11,0.327704737
534,19,1368,KI,Chr_12,0.097253545
535,19,1368,KI,Chr_13,0.421829317
536,19,1368,KI,Chr_14,0.434317021
537,19,1368,KI,Chr_15,0.486434326
538,19,1368,KI,Chr_16,0.208051524
539,19,1368,KI,Chr_17,0.24101742
540,19,1368,KI,Chr_18,0.536299858
541,19,1368,KI,Chr_19,0.542159251
542,19,1368,KI,Chr_20,0.184547745
543,19,1368,KI,Chr_21,0.296671894
544,19,1368,KI,Chr_22,0.05649347
545,19,1368,KI,Chr_23,0.322567224
546,19,1368,KI,Chr_24,0.703523274
547,19,1368,KI,Chr_25,0.154597995
548,19,1368,KI,Chr_26,0.338123683
549,19,1368,KI,Chr_27,0.587730871
550,19,1368,KI,Chr_28,0.211272457
551,19,1368,KI,Chr_29,0.31963027
552,20,192K,KI,Chr_1,0.017369212
553,20,192K,KI,Chr_2,0.03619922
554,20,192K,KI,Chr_3,0.012555788
555,20,192K,KI,Chr_4,NA
556,20,192K,KI,Chr_5,0.058989355
557,20,192K,KI,Chr_6,0.099031148
558,20,192K,KI,Chr_7,0.008666546
559,20,192K,KI,Chr_8,NA
560,20,192K,KI,Chr_9,0.029518007
561,20,192K,KI,Chr_10,0.018096467
562,20,192K,KI,Chr_11,0.054604693
563,20,192K,KI,Chr_12,0.046839007
564,20,192K,KI,Chr_13,0.264160081
565,20,192K,KI,Chr_14,NA
566,20,192K,KI,Chr_15,0.02448253
567,20,192K,KI,Chr_16,0.192376013
568,20,192K,KI,Chr_17,0.021534027
569,20,192K,KI,Chr_18,NA
570,20,192K,KI,Chr_19,0.05366879
571,20,192K,KI,Chr_20,0.084021886
572,20,192K,KI,Chr_21,0.014797896
573,20,192K,KI,Chr_22,NA
574,20,192K,KI,Chr_23,NA
575,20,192K,KI,Chr_24,0.052254572
576,20,192K,KI,Chr_25,0.086642954
577,20,192K,KI,Chr_26,0.033362105
578,20,192K,KI,Chr_27,0.050805248
579,20,192K,KI,Chr_28,NA
580,20,192K,KI,Chr_29,NA
581,21,2226,SP,Chr_1,NA
582,21,2226,SP,Chr_2,0.054588342
583,21,2226,SP,Chr_3,0.012535475
584,21,2226,SP,Chr_4,NA
585,21,2226,SP,Chr_5,0.013388992
586,21,2226,SP,Chr_6,NA
587,21,2226,SP,Chr_7,0.04382359
588,21,2226,SP,Chr_8,0.086078202
589,21,2226,SP,Chr_9,NA
590,21,2226,SP,Chr_10,0.010067179
591,21,2226,SP,Chr_11,0.03433947
592,21,2226,SP,Chr_12,0.012452473
593,21,2226,SP,Chr_13,0.012011582
594,21,2226,SP,Chr_14,0.058780151
595,21,2226,SP,Chr_15,0.084587012
596,21,2226,SP,Chr_16,0.015368846
597,21,2226,SP,Chr_17,0.060454419
598,21,2226,SP,Chr_18,NA
599,21,2226,SP,Chr_19,0.016473448
600,21,2226,SP,Chr_20,0.028316946
601,21,2226,SP,Chr_21,NA
602,21,2226,SP,Chr_22,0.023791445
603,21,2226,SP,Chr_23,0.022141173
604,21,2226,SP,Chr_24,0.015830877
605,21,2226,SP,Chr_25,NA
606,21,2226,SP,Chr_26,NA
607,21,2226,SP,Chr_27,NA
608,21,2226,SP,Chr_28,NA
609,21,2226,SP,Chr_29,0.030334843
610,22,2231,MY,Chr_1,0.046552785
611,22,2231,MY,Chr_2,0.172249003
612,22,2231,MY,Chr_3,0.182719617
613,22,2231,MY,Chr_4,0.178038364
614,22,2231,MY,Chr_5,0.046426564
615,22,2231,MY,Chr_6,0.088032463
616,22,2231,MY,Chr_7,0.06142274
617,22,2231,MY,Chr_8,0.092020504
618,22,2231,MY,Chr_9,0.361837819
619,22,2231,MY,Chr_10,0.133015416
620,22,2231,MY,Chr_11,0.141895543
621,22,2231,MY,Chr_12,0.337978629
622,22,2231,MY,Chr_13,0.036886877
623,22,2231,MY,Chr_14,0.065505072
624,22,2231,MY,Chr_15,0.169003825
625,22,2231,MY,Chr_16,0.05809159
626,22,2231,MY,Chr_17,0.157533262
627,22,2231,MY,Chr_18,0.107245609
628,22,2231,MY,Chr_19,0.055558964
629,22,2231,MY,Chr_20,0.012233683
630,22,2231,MY,Chr_21,0.036928953
631,22,2231,MY,Chr_22,0.061767985
632,22,2231,MY,Chr_23,NA
633,22,2231,MY,Chr_24,0.058661122
634,22,2231,MY,Chr_25,0.431357036
635,22,2231,MY,Chr_26,0.105545503
636,22,2231,MY,Chr_27,0.02861804
637,22,2231,MY,Chr_28,0.341880343
638,22,2231,MY,Chr_29,NA
639,23,2232,MY,Chr_1,0.122547365
640,23,2232,MY,Chr_2,0.097902799
641,23,2232,MY,Chr_3,0.034346969
642,23,2232,MY,Chr_4,0.230059565
643,23,2232,MY,Chr_5,0.124258678
644,23,2232,MY,Chr_6,0.025217015
645,23,2232,MY,Chr_7,0.138551176
646,23,2232,MY,Chr_8,0.176518804
647,23,2232,MY,Chr_9,0.25430588
648,23,2232,MY,Chr_10,0.415466624
649,23,2232,MY,Chr_11,0.032883515
650,23,2232,MY,Chr_12,0.060445706
651,23,2232,MY,Chr_13,0.15438334
652,23,2232,MY,Chr_14,0.063858052
653,23,2232,MY,Chr_15,0.080823631
654,23,2232,MY,Chr_16,0.056731077
655,23,2232,MY,Chr_17,0.16183862
656,23,2232,MY,Chr_18,0.199248588
657,23,2232,MY,Chr_19,0.113094429
658,23,2232,MY,Chr_20,0.369012203
659,23,2232,MY,Chr_21,0.11077085
660,23,2232,MY,Chr_22,0.079276369
661,23,2232,MY,Chr_23,0.161201167
662,23,2232,MY,Chr_24,0.099774871
663,23,2232,MY,Chr_25,0.857531816
664,23,2232,MY,Chr_26,0.138348057
665,23,2232,MY,Chr_27,0.271148127
666,23,2232,MY,Chr_28,0.238506557
667,23,2232,MY,Chr_29,0.03153038
668,24,2282,SP,Chr_1,0.098639321
669,24,2282,SP,Chr_2,0.090427675
670,24,2282,SP,Chr_3,0.015662409
671,24,2282,SP,Chr_4,NA
672,24,2282,SP,Chr_5,0.014709127
673,24,2282,SP,Chr_6,0.138397519
674,24,2282,SP,Chr_7,0.009116976
675,24,2282,SP,Chr_8,0.033478834
676,24,2282,SP,Chr_9,0.124495221
677,24,2282,SP,Chr_10,0.103059974
678,24,2282,SP,Chr_11,NA
679,24,2282,SP,Chr_12,0.02909893
680,24,2282,SP,Chr_13,NA
681,24,2282,SP,Chr_14,0.094543423
682,24,2282,SP,Chr_15,0.351112273
683,24,2282,SP,Chr_16,NA
684,24,2282,SP,Chr_17,0.13505672
685,24,2282,SP,Chr_18,NA
686,24,2282,SP,Chr_19,NA
687,24,2282,SP,Chr_20,0.015721092
688,24,2282,SP,Chr_21,0.012441391
689,24,2282,SP,Chr_22,0.015555705
690,24,2282,SP,Chr_23,NA
691,24,2282,SP,Chr_24,NA
692,24,2282,SP,Chr_25,0.138005459
693,24,2282,SP,Chr_26,0.025326966
694,24,2282,SP,Chr_27,0.1011401
695,24,2282,SP,Chr_28,NA
696,24,2282,SP,Chr_29,0.031054994
697,25,2309,SP,Chr_1,0.025783581
698,25,2309,SP,Chr_2,0.010051545
699,25,2309,SP,Chr_3,0.150048559
700,25,2309,SP,Chr_4,NA
701,25,2309,SP,Chr_5,0.023716658
702,25,2309,SP,Chr_6,0.164903749
703,25,2309,SP,Chr_7,0.269858634
704,25,2309,SP,Chr_8,0.15016742
705,25,2309,SP,Chr_9,0.010793637
706,25,2309,SP,Chr_10,0.024776652
707,25,2309,SP,Chr_11,0.214500499
708,25,2309,SP,Chr_12,0.166766927
709,25,2309,SP,Chr_13,0.173579144
710,25,2309,SP,Chr_14,0.035287261
711,25,2309,SP,Chr_15,0.022381055
712,25,2309,SP,Chr_16,NA
713,25,2309,SP,Chr_17,0.060678693
714,25,2309,SP,Chr_18,NA
715,25,2309,SP,Chr_19,0.14112412
716,25,2309,SP,Chr_20,NA
717,25,2309,SP,Chr_21,0.048253915
718,25,2309,SP,Chr_22,0.033970427
719,25,2309,SP,Chr_23,NA
720,25,2309,SP,Chr_24,0.030287305
721,25,2309,SP,Chr_25,0.241132797
722,25,2309,SP,Chr_26,0.022595608
723,25,2309,SP,Chr_27,0.51844017
724,25,2309,SP,Chr_28,0.257249005
725,25,2309,SP,Chr_29,0.030055074
726,26,2310,SP,Chr_1,0.171235632
727,26,2310,SP,Chr_2,0.067024815
728,26,2310,SP,Chr_3,0.333415918
729,26,2310,SP,Chr_4,0.00846447
730,26,2310,SP,Chr_5,0.10817071
731,26,2310,SP,Chr_6,0.061760332
732,26,2310,SP,Chr_7,0.033157554
733,26,2310,SP,Chr_8,0.102552535
734,26,2310,SP,Chr_9,0.031832352
735,26,2310,SP,Chr_10,0.166486493
736,26,2310,SP,Chr_11,0.121109138
737,26,2310,SP,Chr_12,0.357447432
738,26,2310,SP,Chr_13,0.370843905
739,26,2310,SP,Chr_14,NA
740,26,2310,SP,Chr_15,0.085306755
741,26,2310,SP,Chr_16,0.284803562
742,26,2310,SP,Chr_17,0.30303637
743,26,2310,SP,Chr_18,0.217275489
744,26,2310,SP,Chr_19,NA
745,26,2310,SP,Chr_20,0.092075392
746,26,2310,SP,Chr_21,0.185056204
747,26,2310,SP,Chr_22,0.286161602
748,26,2310,SP,Chr_23,0.256500597
749,26,2310,SP,Chr_24,0.052151578
750,26,2310,SP,Chr_25,NA
751,26,2310,SP,Chr_26,0.523254516
752,26,2310,SP,Chr_27,NA
753,26,2310,SP,Chr_28,0.045879659
754,26,2310,SP,Chr_29,NA
755,27,2313,SP,Chr_1,0.018241477
756,27,2313,SP,Chr_2,0.027101178
757,27,2313,SP,Chr_3,0.008345911
758,27,2313,SP,Chr_4,0.055496807
759,27,2313,SP,Chr_5,0.02009943
760,27,2313,SP,Chr_6,0.008592744
761,27,2313,SP,Chr_7,0.200357794
762,27,2313,SP,Chr_8,0.117957929
763,27,2313,SP,Chr_9,0.030490772
764,27,2313,SP,Chr_10,0.065740361
765,27,2313,SP,Chr_11,NA
766,27,2313,SP,Chr_12,0.011617014
767,27,2313,SP,Chr_13,0.069277141
768,27,2313,SP,Chr_14,0.082112463
769,27,2313,SP,Chr_15,0.012953734
770,27,2313,SP,Chr_16,0.131676083
771,27,2313,SP,Chr_17,0.123395965
772,27,2313,SP,Chr_18,NA
773,27,2313,SP,Chr_19,0.017195602
774,27,2313,SP,Chr_20,NA
775,27,2313,SP,Chr_21,0.100922854
776,27,2313,SP,Chr_22,0.088566452
777,27,2313,SP,Chr_23,0.018472404
778,27,2313,SP,Chr_24,0.01422992
779,27,2313,SP,Chr_25,0.061107729
780,27,2313,SP,Chr_26,NA
781,27,2313,SP,Chr_27,0.019652507
782,27,2313,SP,Chr_28,NA
783,27,2313,SP,Chr_29,NA
784,28,289,KI,Chr_1,0.122988115
785,28,289,KI,Chr_2,NA
786,28,289,KI,Chr_3,0.153719496
787,28,289,KI,Chr_4,NA
788,28,289,KI,Chr_5,0.011492548
789,28,289,KI,Chr_6,0.039940964
790,28,289,KI,Chr_7,0.073045166
791,28,289,KI,Chr_8,0.018627199
792,28,289,KI,Chr_9,NA
793,28,289,KI,Chr_10,0.22424154
794,28,289,KI,Chr_11,NA
795,28,289,KI,Chr_12,0.024481976
796,28,289,KI,Chr_13,0.073191421
797,28,289,KI,Chr_14,0.014396113
798,28,289,KI,Chr_15,0.082855183
799,28,289,KI,Chr_16,0.013328546
800,28,289,KI,Chr_17,0.150145294
801,28,289,KI,Chr_18,0.219820753
802,28,289,KI,Chr_19,0.142460111
803,28,289,KI,Chr_20,0.110979307
804,28,289,KI,Chr_21,0.044879775
805,28,289,KI,Chr_22,NA
806,28,289,KI,Chr_23,0.33230921
807,28,289,KI,Chr_24,0.040172526
808,28,289,KI,Chr_25,0.045511445
809,28,289,KI,Chr_26,0.01777882
810,28,289,KI,Chr_27,0.128458182
811,28,289,KI,Chr_28,0.066312045
812,28,289,KI,Chr_29,NA
813,29,2925,BO,Chr_1,0.357115207
814,29,2925,BO,Chr_2,0.192490075
815,29,2925,BO,Chr_3,0.23947581
816,29,2925,BO,Chr_4,0.356752715
817,29,2925,BO,Chr_5,0.232726615
818,29,2925,BO,Chr_6,0.413224855
819,29,2925,BO,Chr_7,0.383658039
820,29,2925,BO,Chr_8,0.237927456
821,29,2925,BO,Chr_9,0.247334241
822,29,2925,BO,Chr_10,0.160335628
823,29,2925,BO,Chr_11,0.199276822
824,29,2925,BO,Chr_12,0.140821229
825,29,2925,BO,Chr_13,0.261246606
826,29,2925,BO,Chr_14,0.410172991
827,29,2925,BO,Chr_15,0.243375382
828,29,2925,BO,Chr_16,0.391927149
829,29,2925,BO,Chr_17,0.284199741
830,29,2925,BO,Chr_18,0.163847471
831,29,2925,BO,Chr_19,0.274022132
832,29,2925,BO,Chr_20,0.247480513
833,29,2925,BO,Chr_21,0.342262309
834,29,2925,BO,Chr_22,0.289979597
835,29,2925,BO,Chr_23,0.101045117
836,29,2925,BO,Chr_24,0.112021036
837,29,2925,BO,Chr_25,0.171059621
838,29,2925,BO,Chr_26,0.22214977
839,29,2925,BO,Chr_27,0.2141667
840,29,2925,BO,Chr_28,0.140986633
841,29,2925,BO,Chr_29,0.072859193
842,30,2927,BO,Chr_1,0.101479643
843,30,2927,BO,Chr_2,0.176521389
844,30,2927,BO,Chr_3,0.225410304
845,30,2927,BO,Chr_4,0.116814504
846,30,2927,BO,Chr_5,0.022642054
847,30,2927,BO,Chr_6,0.310460954
848,30,2927,BO,Chr_7,0.236915198
849,30,2927,BO,Chr_8,0.355539578
850,30,2927,BO,Chr_9,0.130942551
851,30,2927,BO,Chr_10,0.031002893
852,30,2927,BO,Chr_11,0.04215897
853,30,2927,BO,Chr_12,0.487084486
854,30,2927,BO,Chr_13,0.061805271
855,30,2927,BO,Chr_14,0.124588046
856,30,2927,BO,Chr_15,0.136521558
857,30,2927,BO,Chr_16,0.213300915
858,30,2927,BO,Chr_17,0.371265836
859,30,2927,BO,Chr_18,0.250584729
860,30,2927,BO,Chr_19,0.146785145
861,30,2927,BO,Chr_20,0.231784871
862,30,2927,BO,Chr_21,0.035738986
863,30,2927,BO,Chr_22,0.035621322
864,30,2927,BO,Chr_23,0.146353003
865,30,2927,BO,Chr_24,0.083222617
866,30,2927,BO,Chr_25,0.435765733
867,30,2927,BO,Chr_26,0.232511324
868,30,2927,BO,Chr_27,0.351969312
869,30,2927,BO,Chr_28,0.143098754
870,30,2927,BO,Chr_29,0.026486141
871,31,2939,BO,Chr_1,0.142109841
872,31,2939,BO,Chr_2,0.22674213
873,31,2939,BO,Chr_3,0.086992186
874,31,2939,BO,Chr_4,0.228743951
875,31,2939,BO,Chr_5,0.105617924
876,31,2939,BO,Chr_6,0.287057888
877,31,2939,BO,Chr_7,0.242435587
878,31,2939,BO,Chr_8,0.300587543
879,31,2939,BO,Chr_9,0.207103046
880,31,2939,BO,Chr_10,0.135352052
881,31,2939,BO,Chr_11,0.169285527
882,31,2939,BO,Chr_12,0.22386582
883,31,2939,BO,Chr_13,0.082299143
884,31,2939,BO,Chr_14,0.329469646
885,31,2939,BO,Chr_15,0.208862436
886,31,2939,BO,Chr_16,0.046638168
887,31,2939,BO,Chr_17,0.203470052
888,31,2939,BO,Chr_18,0.028688529
889,31,2939,BO,Chr_19,0.153454445
890,31,2939,BO,Chr_20,0.277932689
891,31,2939,BO,Chr_21,0.206774442
892,31,2939,BO,Chr_22,0.204701593
893,31,2939,BO,Chr_23,0.044442253
894,31,2939,BO,Chr_24,0.091843758
895,31,2939,BO,Chr_25,0.096480805
896,31,2939,BO,Chr_26,0.147602233
897,31,2939,BO,Chr_27,0.01911973
898,31,2939,BO,Chr_28,0.042347738
899,31,2939,BO,Chr_29,0.051235382
900,32,2940,BO,Chr_1,0.114460016
901,32,2940,BO,Chr_2,0.098221603
902,32,2940,BO,Chr_3,0.227710416
903,32,2940,BO,Chr_4,0.396565227
904,32,2940,BO,Chr_5,0.108305323
905,32,2940,BO,Chr_6,0.467593895
906,32,2940,BO,Chr_7,0.188156754
907,32,2940,BO,Chr_8,0.229747002
908,32,2940,BO,Chr_9,0.129491474
909,32,2940,BO,Chr_10,0.430041291
910,32,2940,BO,Chr_11,0.086093993
911,32,2940,BO,Chr_12,0.2272825
912,32,2940,BO,Chr_13,0.261175593
913,32,2940,BO,Chr_14,0.333602046
914,32,2940,BO,Chr_15,0.121953581
915,32,2940,BO,Chr_16,0.24000295
916,32,2940,BO,Chr_17,0.407860904
917,32,2940,BO,Chr_18,0.068828197
918,32,2940,BO,Chr_19,0.205634307
919,32,2940,BO,Chr_20,0.203449708
920,32,2940,BO,Chr_21,0.229465032
921,32,2940,BO,Chr_22,0.106799329
922,32,2940,BO,Chr_23,0.102823806
923,32,2940,BO,Chr_24,NA
924,32,2940,BO,Chr_25,0.435007797
925,32,2940,BO,Chr_26,0.257473883
926,32,2940,BO,Chr_27,0.362438073
927,32,2940,BO,Chr_28,0.374852713
928,32,2940,BO,Chr_29,0.084716786
929,33,2966,BO,Chr_1,0.164225946
930,33,2966,BO,Chr_2,0.186375259
931,33,2966,BO,Chr_3,0.324707185
932,33,2966,BO,Chr_4,0.134165594
933,33,2966,BO,Chr_5,0.364831557
934,33,2966,BO,Chr_6,0.52456104
935,33,2966,BO,Chr_7,0.38447569
936,33,2966,BO,Chr_8,0.19630392
937,33,2966,BO,Chr_9,0.255053204
938,33,2966,BO,Chr_10,0.103780013
939,33,2966,BO,Chr_11,0.301328326
940,33,2966,BO,Chr_12,0.192122789
941,33,2966,BO,Chr_13,0.303743549
942,33,2966,BO,Chr_14,0.215666775
943,33,2966,BO,Chr_15,0.068930214
944,33,2966,BO,Chr_16,0.051213695
945,33,2966,BO,Chr_17,0.256304196
946,33,2966,BO,Chr_18,0.204659925
947,33,2966,BO,Chr_19,0.218009285
948,33,2966,BO,Chr_20,0.324203333
949,33,2966,BO,Chr_21,0.143621453
950,33,2966,BO,Chr_22,0.238993955
951,33,2966,BO,Chr_23,0.14276424
952,33,2966,BO,Chr_24,0.235355589
953,33,2966,BO,Chr_25,0.327139252
954,33,2966,BO,Chr_26,0.205152443
955,33,2966,BO,Chr_27,0.188589583
956,33,2966,BO,Chr_28,0.114997349
957,33,2966,BO,Chr_29,0.265769842
958,34,3002,BO,Chr_1,0.211805202
959,34,3002,BO,Chr_2,0.414951925
960,34,3002,BO,Chr_3,0.251837256
961,34,3002,BO,Chr_4,0.211059974
962,34,3002,BO,Chr_5,0.115162231
963,34,3002,BO,Chr_6,0.419770601
964,34,3002,BO,Chr_7,0.196234516
965,34,3002,BO,Chr_8,0.369140038
966,34,3002,BO,Chr_9,0.087204034
967,34,3002,BO,Chr_10,0.212560851
968,34,3002,BO,Chr_11,0.194351766
969,34,3002,BO,Chr_12,0.326819327
970,34,3002,BO,Chr_13,0.076723405
971,34,3002,BO,Chr_14,0.237860462
972,34,3002,BO,Chr_15,0.121815318
973,34,3002,BO,Chr_16,0.12701148
974,34,3002,BO,Chr_17,0.339155593
975,34,3002,BO,Chr_18,0.256485886
976,34,3002,BO,Chr_19,0.034074997
977,34,3002,BO,Chr_20,0.228442873
978,34,3002,BO,Chr_21,0.250001353
979,34,3002,BO,Chr_22,0.292935239
980,34,3002,BO,Chr_23,0.22516362
981,34,3002,BO,Chr_24,0.28881968
982,34,3002,BO,Chr_25,0.602106085
983,34,3002,BO,Chr_26,0.240093267
984,34,3002,BO,Chr_27,0.427878765
985,34,3002,BO,Chr_28,0.254301243
986,34,3002,BO,Chr_29,0.238861804
987,35,3004,BO,Chr_1,0.178122914
988,35,3004,BO,Chr_2,0.566599267
989,35,3004,BO,Chr_3,0.264050466
990,35,3004,BO,Chr_4,0.335337855
991,35,3004,BO,Chr_5,0.203476464
992,35,3004,BO,Chr_6,0.357556644
993,35,3004,BO,Chr_7,0.294332281
994,35,3004,BO,Chr_8,0.431315014
995,35,3004,BO,Chr_9,0.124737855
996,35,3004,BO,Chr_10,0.214537998
997,35,3004,BO,Chr_11,0.128857655
998,35,3004,BO,Chr_12,0.341093506
999,35,3004,BO,Chr_13,0.272778306
1000,35,3004,BO,Chr_14,0.294339213
1001,35,3004,BO,Chr_15,0.186241577
1002,35,3004,BO,Chr_16,0.257911271
1003,35,3004,BO,Chr_17,0.306839812
1004,35,3004,BO,Chr_18,0.219223652
1005,35,3004,BO,Chr_19,0.079128424
1006,35,3004,BO,Chr_20,0.100298636
1007,35,3004,BO,Chr_21,0.373972815
1008,35,3004,BO,Chr_22,0.204397043
1009,35,3004,BO,Chr_23,0.125475218
1010,35,3004,BO,Chr_24,0.093953735
1011,35,3004,BO,Chr_25,0.402956927
1012,35,3004,BO,Chr_26,0.040265182
1013,35,3004,BO,Chr_27,0.184760866
1014,35,3004,BO,Chr_28,0.108781183
1015,35,3004,BO,Chr_29,0.138763526
1016,36,3295,BO,Chr_1,0.170953529
1017,36,3295,BO,Chr_2,0.093612194
1018,36,3295,BO,Chr_3,0.238639165
1019,36,3295,BO,Chr_4,0.122588027
1020,36,3295,BO,Chr_5,0.192815882
1021,36,3295,BO,Chr_6,0.148144322
1022,36,3295,BO,Chr_7,0.121010381
1023,36,3295,BO,Chr_8,0.2603539
1024,36,3295,BO,Chr_9,0.439456359
1025,36,3295,BO,Chr_10,0.156162424
1026,36,3295,BO,Chr_11,0.256968872
1027,36,3295,BO,Chr_12,0.24437321
1028,36,3295,BO,Chr_13,0.288792525
1029,36,3295,BO,Chr_14,0.434650516
1030,36,3295,BO,Chr_15,0.029293857
1031,36,3295,BO,Chr_16,0.19626713
1032,36,3295,BO,Chr_17,0.224704416
1033,36,3295,BO,Chr_18,0.495259137
1034,36,3295,BO,Chr_19,0.210603393
1035,36,3295,BO,Chr_20,0.339050178
1036,36,3295,BO,Chr_21,0.225849506
1037,36,3295,BO,Chr_22,0.225129429
1038,36,3295,BO,Chr_23,0.307272484
1039,36,3295,BO,Chr_24,0.163934436
1040,36,3295,BO,Chr_25,0.293307458
1041,36,3295,BO,Chr_26,0.0756727
1042,36,3295,BO,Chr_27,0.112822242
1043,36,3295,BO,Chr_28,0.225925674
1044,36,3295,BO,Chr_29,0.145650693
1045,37,3296,BO,Chr_1,0.306988422
1046,37,3296,BO,Chr_2,0.133918435
1047,37,3296,BO,Chr_3,0.304765285
1048,37,3296,BO,Chr_4,0.20199655
1049,37,3296,BO,Chr_5,0.334799127
1050,37,3296,BO,Chr_6,0.252172447
1051,37,3296,BO,Chr_7,0.198551792
1052,37,3296,BO,Chr_8,0.106177418
1053,37,3296,BO,Chr_9,0.237059805
1054,37,3296,BO,Chr_10,0.053754186
1055,37,3296,BO,Chr_11,0.165221764
1056,37,3296,BO,Chr_12,0.277066645
1057,37,3296,BO,Chr_13,0.20280941
1058,37,3296,BO,Chr_14,0.131720927
1059,37,3296,BO,Chr_15,0.540622895
1060,37,3296,BO,Chr_16,0.153270061
1061,37,3296,BO,Chr_17,0.161742867
1062,37,3296,BO,Chr_18,0.511853239
1063,37,3296,BO,Chr_19,0.1961035
1064,37,3296,BO,Chr_20,0.365908665
1065,37,3296,BO,Chr_21,0.11341347
1066,37,3296,BO,Chr_22,0.170365247
1067,37,3296,BO,Chr_23,0.152060886
1068,37,3296,BO,Chr_24,0.178095596
1069,37,3296,BO,Chr_25,0.33102346
1070,37,3296,BO,Chr_26,0.140216152
1071,37,3296,BO,Chr_27,0.134742006
1072,37,3296,BO,Chr_28,0.122221571
1073,37,3296,BO,Chr_29,0.090378973
1074,38,3297,SP,Chr_1,0.006584594
1075,38,3297,SP,Chr_2,0.01423305
1076,38,3297,SP,Chr_3,NA
1077,38,3297,SP,Chr_4,0.034328899
1078,38,3297,SP,Chr_5,0.094384349
1079,38,3297,SP,Chr_6,0.118123186
1080,38,3297,SP,Chr_7,NA
1081,38,3297,SP,Chr_8,NA
1082,38,3297,SP,Chr_9,0.173785961
1083,38,3297,SP,Chr_10,0.047918171
1084,38,3297,SP,Chr_11,0.03614781
1085,38,3297,SP,Chr_12,0.05183384
1086,38,3297,SP,Chr_13,0.094407109
1087,38,3297,SP,Chr_14,0.021966782
1088,38,3297,SP,Chr_15,0.031202152
1089,38,3297,SP,Chr_16,0.029334179
1090,38,3297,SP,Chr_17,0.232284448
1091,38,3297,SP,Chr_18,0.035168931
1092,38,3297,SP,Chr_19,0.017659288
1093,38,3297,SP,Chr_20,0.018398623
1094,38,3297,SP,Chr_21,NA
1095,38,3297,SP,Chr_22,0.044077031
1096,38,3297,SP,Chr_23,NA
1097,38,3297,SP,Chr_24,0.678308156
1098,38,3297,SP,Chr_25,0.055884706
1099,38,3297,SP,Chr_26,NA
1100,38,3297,SP,Chr_27,0.114077891
1101,38,3297,SP,Chr_28,NA
1102,38,3297,SP,Chr_29,0.029943134
1103,39,3298,SP,Chr_1,NA
1104,39,3298,SP,Chr_2,0.017665611
1105,39,3298,SP,Chr_3,0.059254783
1106,39,3298,SP,Chr_4,0.057924497
1107,39,3298,SP,Chr_5,0.020042508
1108,39,3298,SP,Chr_6,0.011895516
1109,39,3298,SP,Chr_7,0.00861988
1110,39,3298,SP,Chr_8,0.009983279
1111,39,3298,SP,Chr_9,0.024468136
1112,39,3298,SP,Chr_10,0.02008445
1113,39,3298,SP,Chr_11,0.031117444
1114,39,3298,SP,Chr_12,0.011395366
1115,39,3298,SP,Chr_13,0.045819734
1116,39,3298,SP,Chr_14,0.063021264
1117,39,3298,SP,Chr_15,0.028286508
1118,39,3298,SP,Chr_16,NA
1119,39,3298,SP,Chr_17,NA
1120,39,3298,SP,Chr_18,0.013780088
1121,39,3298,SP,Chr_19,NA
1122,39,3298,SP,Chr_20,NA
1123,39,3298,SP,Chr_21,NA
1124,39,3298,SP,Chr_22,0.01865842
1125,39,3298,SP,Chr_23,0.048832075
1126,39,3298,SP,Chr_24,0.015160899
1127,39,3298,SP,Chr_25,0.041110366
1128,39,3298,SP,Chr_26,0.017561404
1129,39,3298,SP,Chr_27,NA
1130,39,3298,SP,Chr_28,NA
1131,39,3298,SP,Chr_29,NA
1132,40,3299,SP,Chr_1,0.023832783
1133,40,3299,SP,Chr_2,0.046058363
1134,40,3299,SP,Chr_3,NA
1135,40,3299,SP,Chr_4,0.052434992
1136,40,3299,SP,Chr_5,0.008843142
1137,40,3299,SP,Chr_6,0.010504778
1138,40,3299,SP,Chr_7,0.018499279
1139,40,3299,SP,Chr_8,0.009221477
1140,40,3299,SP,Chr_9,0.073948889
1141,40,3299,SP,Chr_10,NA
1142,40,3299,SP,Chr_11,0.020483118
1143,40,3299,SP,Chr_12,0.073038918
1144,40,3299,SP,Chr_13,0.021954723
1145,40,3299,SP,Chr_14,0.01973417
1146,40,3299,SP,Chr_15,0.030727899
1147,40,3299,SP,Chr_16,NA
1148,40,3299,SP,Chr_17,0.024176038
1149,40,3299,SP,Chr_18,0.025533671
1150,40,3299,SP,Chr_19,NA
1151,40,3299,SP,Chr_20,NA
1152,40,3299,SP,Chr_21,0.086606937
1153,40,3299,SP,Chr_22,NA
1154,40,3299,SP,Chr_23,NA
1155,40,3299,SP,Chr_24,0.094199808
1156,40,3299,SP,Chr_25,0.031592681
1157,40,3299,SP,Chr_26,0.036326412
1158,40,3299,SP,Chr_27,NA
1159,40,3299,SP,Chr_28,0.025416489
1160,40,3299,SP,Chr_29,0.066025702
1161,41,3302,SP,Chr_1,0.024542741
1162,41,3302,SP,Chr_2,0.027423793
1163,41,3302,SP,Chr_3,NA
1164,41,3302,SP,Chr_4,0.032278735
1165,41,3302,SP,Chr_5,NA
1166,41,3302,SP,Chr_6,0.03316844
1167,41,3302,SP,Chr_7,0.026005712
1168,41,3302,SP,Chr_8,0.02029435
1169,41,3302,SP,Chr_9,0.021198984
1170,41,3302,SP,Chr_10,0.013116447
1171,41,3302,SP,Chr_11,NA
1172,41,3302,SP,Chr_12,0.07108383
1173,41,3302,SP,Chr_13,0.034659984
1174,41,3302,SP,Chr_14,0.017742777
1175,41,3302,SP,Chr_15,0.154465403
1176,41,3302,SP,Chr_16,0.060050835
1177,41,3302,SP,Chr_17,NA
1178,41,3302,SP,Chr_18,0.06720294
1179,41,3302,SP,Chr_19,NA
1180,41,3302,SP,Chr_20,0.0135628
1181,41,3302,SP,Chr_21,0.038401512
1182,41,3302,SP,Chr_22,NA
1183,41,3302,SP,Chr_23,NA
1184,41,3302,SP,Chr_24,NA
1185,41,3302,SP,Chr_25,NA
1186,41,3302,SP,Chr_26,0.029335364
1187,41,3302,SP,Chr_27,NA
1188,41,3302,SP,Chr_28,0.021327998
1189,41,3302,SP,Chr_29,NA
1190,42,3305,SP,Chr_1,0.017557395
1191,42,3305,SP,Chr_2,0.016625762
1192,42,3305,SP,Chr_3,NA
1193,42,3305,SP,Chr_4,0.011898713
1194,42,3305,SP,Chr_5,0.03362108
1195,42,3305,SP,Chr_6,NA
1196,42,3305,SP,Chr_7,0.043735385
1197,42,3305,SP,Chr_8,NA
1198,42,3305,SP,Chr_9,0.059419874
1199,42,3305,SP,Chr_10,NA
1200,42,3305,SP,Chr_11,0.04558584
1201,42,3305,SP,Chr_12,NA
1202,42,3305,SP,Chr_13,0.082716846
1203,42,3305,SP,Chr_14,0.059453783
1204,42,3305,SP,Chr_15,NA
1205,42,3305,SP,Chr_16,0.026005795
1206,42,3305,SP,Chr_17,0.087494042
1207,42,3305,SP,Chr_18,0.025800831
1208,42,3305,SP,Chr_19,0.030471215
1209,42,3305,SP,Chr_20,0.100353188
1210,42,3305,SP,Chr_21,NA
1211,42,3305,SP,Chr_22,NA
1212,42,3305,SP,Chr_23,0.030878921
1213,42,3305,SP,Chr_24,0.075627831
1214,42,3305,SP,Chr_25,0.125076919
1215,42,3305,SP,Chr_26,NA
1216,42,3305,SP,Chr_27,NA
1217,42,3305,SP,Chr_28,NA
1218,42,3305,SP,Chr_29,0.042275719
1219,43,333,SP,Chr_1,0.018352173
1220,43,333,SP,Chr_2,0.110406741
1221,43,333,SP,Chr_3,NA
1222,43,333,SP,Chr_4,0.07184188
1223,43,333,SP,Chr_5,0.080783342
1224,43,333,SP,Chr_6,0.102937529
1225,43,333,SP,Chr_7,0.023200298
1226,43,333,SP,Chr_8,0.229284608
1227,43,333,SP,Chr_9,0.091256049
1228,43,333,SP,Chr_10,NA
1229,43,333,SP,Chr_11,0.009455831
1230,43,333,SP,Chr_12,0.026227869
1231,43,333,SP,Chr_13,0.421720639
1232,43,333,SP,Chr_14,0.027801794
1233,43,333,SP,Chr_15,0.093098015
1234,43,333,SP,Chr_16,0.231290112
1235,43,333,SP,Chr_17,NA
1236,43,333,SP,Chr_18,0.026772912
1237,43,333,SP,Chr_19,0.016209685
1238,43,333,SP,Chr_20,0.01692147
1239,43,333,SP,Chr_21,0.016894143
1240,43,333,SP,Chr_22,0.034429169
1241,43,333,SP,Chr_23,0.034454989
1242,43,333,SP,Chr_24,NA
1243,43,333,SP,Chr_25,NA
1244,43,333,SP,Chr_26,0.029365073
1245,43,333,SP,Chr_27,0.773049617
1246,43,333,SP,Chr_28,0.019307211
1247,43,333,SP,Chr_29,NA
1248,44,339,SP,Chr_1,0.247601505
1249,44,339,SP,Chr_2,0.146286626
1250,44,339,SP,Chr_3,0.125743571
1251,44,339,SP,Chr_4,0.110967105
1252,44,339,SP,Chr_5,0.057088839
1253,44,339,SP,Chr_6,0.02259154
1254,44,339,SP,Chr_7,0.028745194
1255,44,339,SP,Chr_8,0.089510527
1256,44,339,SP,Chr_9,0.126224493
1257,44,339,SP,Chr_10,NA
1258,44,339,SP,Chr_11,0.022270694
1259,44,339,SP,Chr_12,0.050759374
1260,44,339,SP,Chr_13,0.4323088
1261,44,339,SP,Chr_14,0.309281404
1262,44,339,SP,Chr_15,0.013688862
1263,44,339,SP,Chr_16,NA
1264,44,339,SP,Chr_17,0.078394523
1265,44,339,SP,Chr_18,NA
1266,44,339,SP,Chr_19,NA
1267,44,339,SP,Chr_20,0.069780939
1268,44,339,SP,Chr_21,0.295423934
1269,44,339,SP,Chr_22,0.014990245
1270,44,339,SP,Chr_23,0.057301643
1271,44,339,SP,Chr_24,NA
1272,44,339,SP,Chr_25,NA
1273,44,339,SP,Chr_26,0.086612169
1274,44,339,SP,Chr_27,0.060861869
1275,44,339,SP,Chr_28,0.570455056
1276,44,339,SP,Chr_29,0.116951417
1277,45,3427,BO,Chr_1,0.155461223
1278,45,3427,BO,Chr_2,0.292318734
1279,45,3427,BO,Chr_3,0.149434113
1280,45,3427,BO,Chr_4,0.38654034
1281,45,3427,BO,Chr_5,0.159540538
1282,45,3427,BO,Chr_6,0.149943549
1283,45,3427,BO,Chr_7,0.114862608
1284,45,3427,BO,Chr_8,0.021507791
1285,45,3427,BO,Chr_9,0.030023539
1286,45,3427,BO,Chr_10,0.137455803
1287,45,3427,BO,Chr_11,0.183363289
1288,45,3427,BO,Chr_12,0.263812128
1289,45,3427,BO,Chr_13,0.149000915
1290,45,3427,BO,Chr_14,0.087948992
1291,45,3427,BO,Chr_15,0.156395224
1292,45,3427,BO,Chr_16,0.305911395
1293,45,3427,BO,Chr_17,0.276849884
1294,45,3427,BO,Chr_18,0.084293733
1295,45,3427,BO,Chr_19,0.10141923
1296,45,3427,BO,Chr_20,0.704452076
1297,45,3427,BO,Chr_21,0.11487074
1298,45,3427,BO,Chr_22,0.307056372
1299,45,3427,BO,Chr_23,0.444305474
1300,45,3427,BO,Chr_24,0.354996082
1301,45,3427,BO,Chr_25,0.248873994
1302,45,3427,BO,Chr_26,NA
1303,45,3427,BO,Chr_27,0.136671455
1304,45,3427,BO,Chr_28,0.307527914
1305,45,3427,BO,Chr_29,0.244201464
1306,46,7966,MY,Chr_1,NA
1307,46,7966,MY,Chr_2,NA
1308,46,7966,MY,Chr_3,NA
1309,46,7966,MY,Chr_4,0.011593638
1310,46,7966,MY,Chr_5,NA
1311,46,7966,MY,Chr_6,NA
1312,46,7966,MY,Chr_7,NA
1313,46,7966,MY,Chr_8,NA
1314,46,7966,MY,Chr_9,NA
1315,46,7966,MY,Chr_10,NA
1316,46,7966,MY,Chr_11,NA
1317,46,7966,MY,Chr_12,NA
1318,46,7966,MY,Chr_13,NA
1319,46,7966,MY,Chr_14,NA
1320,46,7966,MY,Chr_15,NA
1321,46,7966,MY,Chr_16,NA
1322,46,7966,MY,Chr_17,0.013633341
1323,46,7966,MY,Chr_18,NA
1324,46,7966,MY,Chr_19,0.019073172
1325,46,7966,MY,Chr_20,0.030806271
1326,46,7966,MY,Chr_21,0.038862041
1327,46,7966,MY,Chr_22,NA
1328,46,7966,MY,Chr_23,NA
1329,46,7966,MY,Chr_24,NA
1330,46,7966,MY,Chr_25,NA
1331,46,7966,MY,Chr_26,NA
1332,46,7966,MY,Chr_27,NA
1333,46,7966,MY,Chr_28,NA
1334,46,7966,MY,Chr_29,NA
1335,47,7974,MY,Chr_1,0.136114265
1336,47,7974,MY,Chr_2,0.180881715
1337,47,7974,MY,Chr_3,0.139651969
1338,47,7974,MY,Chr_4,0.233939129
1339,47,7974,MY,Chr_5,0.051732186
1340,47,7974,MY,Chr_6,0.09005398
1341,47,7974,MY,Chr_7,0.008869358
1342,47,7974,MY,Chr_8,0.067642147
1343,47,7974,MY,Chr_9,0.141253833
1344,47,7974,MY,Chr_10,0.232632668
1345,47,7974,MY,Chr_11,0.221844267
1346,47,7974,MY,Chr_12,NA
1347,47,7974,MY,Chr_13,0.026711133
1348,47,7974,MY,Chr_14,0.069073593
1349,47,7974,MY,Chr_15,0.011176573
1350,47,7974,MY,Chr_16,0.064326185
1351,47,7974,MY,Chr_17,0.153683635
1352,47,7974,MY,Chr_18,0.074973559
1353,47,7974,MY,Chr_19,0.109138641
1354,47,7974,MY,Chr_20,0.333671421
1355,47,7974,MY,Chr_21,0.232551199
1356,47,7974,MY,Chr_22,0.263338745
1357,47,7974,MY,Chr_23,0.041497333
1358,47,7974,MY,Chr_24,0.117638244
1359,47,7974,MY,Chr_25,NA
1360,47,7974,MY,Chr_26,0.10231485
1361,47,7974,MY,Chr_27,0.111421012
1362,47,7974,MY,Chr_28,0.108683762
1363,47,7974,MY,Chr_29,0.140045923
1364,48,7976,MY,Chr_1,0.071064028
1365,48,7976,MY,Chr_2,0.124127227
1366,48,7976,MY,Chr_3,0.258370589
1367,48,7976,MY,Chr_4,0.111498731
1368,48,7976,MY,Chr_5,0.113019815
1369,48,7976,MY,Chr_6,NA
1370,48,7976,MY,Chr_7,0.020965602
1371,48,7976,MY,Chr_8,0.037217908
1372,48,7976,MY,Chr_9,0.046053538
1373,48,7976,MY,Chr_10,0.174755145
1374,48,7976,MY,Chr_11,0.137139635
1375,48,7976,MY,Chr_12,0.081097232
1376,48,7976,MY,Chr_13,0.172762855
1377,48,7976,MY,Chr_14,0.033696504
1378,48,7976,MY,Chr_15,0.07281099
1379,48,7976,MY,Chr_16,0.143692278
1380,48,7976,MY,Chr_17,0.052414689
1381,48,7976,MY,Chr_18,0.044872612
1382,48,7976,MY,Chr_19,0.110842896
1383,48,7976,MY,Chr_20,0.016359856
1384,48,7976,MY,Chr_21,0.07839722
1385,48,7976,MY,Chr_22,0.109047847
1386,48,7976,MY,Chr_23,0.051728054
1387,48,7976,MY,Chr_24,0.25813883
1388,48,7976,MY,Chr_25,0.076843026
1389,48,7976,MY,Chr_26,0.124722054
1390,48,7976,MY,Chr_27,0.047049933
1391,48,7976,MY,Chr_28,0.049922159
1392,48,7976,MY,Chr_29,0.067471916
1393,49,7983,MY,Chr_1,0.321427212
1394,49,7983,MY,Chr_2,0.242723615
1395,49,7983,MY,Chr_3,0.260168899
1396,49,7983,MY,Chr_4,0.306121788
1397,49,7983,MY,Chr_5,0.520767273
1398,49,7983,MY,Chr_6,0.564844239
1399,49,7983,MY,Chr_7,0.318309734
1400,49,7983,MY,Chr_8,0.05365239
1401,49,7983,MY,Chr_9,0.393441784
1402,49,7983,MY,Chr_10,0.510526331
1403,49,7983,MY,Chr_11,0.641778673
1404,49,7983,MY,Chr_12,0.133286759
1405,49,7983,MY,Chr_13,0.225866445
1406,49,7983,MY,Chr_14,0.315965338
1407,49,7983,MY,Chr_15,0.194927058
1408,49,7983,MY,Chr_16,0.128395206
1409,49,7983,MY,Chr_17,0.287286166
1410,49,7983,MY,Chr_18,0.639041251
1411,49,7983,MY,Chr_19,0.105233784
1412,49,7983,MY,Chr_20,0.262720204
1413,49,7983,MY,Chr_21,0.782296956
1414,49,7983,MY,Chr_22,0.383958564
1415,49,7983,MY,Chr_23,0.470019333
1416,49,7983,MY,Chr_24,0.285365518
1417,49,7983,MY,Chr_25,0.713249848
1418,49,7983,MY,Chr_26,0.395135657
1419,49,7983,MY,Chr_27,0.999675526
1420,49,7983,MY,Chr_28,0.209696167
1421,49,7983,MY,Chr_29,0.240268176
1422,50,7984,MY,Chr_1,0.066178852
1423,50,7984,MY,Chr_2,0.185213498
1424,50,7984,MY,Chr_3,0.206532799
1425,50,7984,MY,Chr_4,0.265435904
1426,50,7984,MY,Chr_5,0.207593329
1427,50,7984,MY,Chr_6,0.223569079
1428,50,7984,MY,Chr_7,0.137315019
1429,50,7984,MY,Chr_8,0.145476742
1430,50,7984,MY,Chr_9,0.073292728
1431,50,7984,MY,Chr_10,0.284531045
1432,50,7984,MY,Chr_11,0.082908346
1433,50,7984,MY,Chr_12,0.085373765
1434,50,7984,MY,Chr_13,0.15304938
1435,50,7984,MY,Chr_14,0.075137331
1436,50,7984,MY,Chr_15,0.118263617
1437,50,7984,MY,Chr_16,0.233824076
1438,50,7984,MY,Chr_17,0.260834454
1439,50,7984,MY,Chr_18,0.265840606
1440,50,7984,MY,Chr_19,0.149157887
1441,50,7984,MY,Chr_20,NA
1442,50,7984,MY,Chr_21,0.279479375
1443,50,7984,MY,Chr_22,0.053230652
1444,50,7984,MY,Chr_23,0.307803276
1445,50,7984,MY,Chr_24,0.218533143
1446,50,7984,MY,Chr_25,0.31253447
1447,50,7984,MY,Chr_26,0.159947468
1448,50,7984,MY,Chr_27,0.215453665
1449,50,7984,MY,Chr_28,0.241951913
1450,50,7984,MY,Chr_29,0.181353564
1451,51,7986,MY,Chr_1,0.195586963
1452,51,7986,MY,Chr_2,0.198275401
1453,51,7986,MY,Chr_3,0.143796258
1454,51,7986,MY,Chr_4,0.207653326
1455,51,7986,MY,Chr_5,0.199536871
1456,51,7986,MY,Chr_6,0.144970671
1457,51,7986,MY,Chr_7,0.196786089
1458,51,7986,MY,Chr_8,0.082179898
1459,51,7986,MY,Chr_9,0.130089575
1460,51,7986,MY,Chr_10,0.135482904
1461,51,7986,MY,Chr_11,0.097085063
1462,51,7986,MY,Chr_12,0.018039439
1463,51,7986,MY,Chr_13,0.119073137
1464,51,7986,MY,Chr_14,0.098918537
1465,51,7986,MY,Chr_15,0.117177924
1466,51,7986,MY,Chr_16,0.203808488
1467,51,7986,MY,Chr_17,0.233507863
1468,51,7986,MY,Chr_18,0.375904296
1469,51,7986,MY,Chr_19,0.012802832
1470,51,7986,MY,Chr_20,0.123766458
1471,51,7986,MY,Chr_21,0.112492785
1472,51,7986,MY,Chr_22,0.207962336
1473,51,7986,MY,Chr_23,0.284850071
1474,51,7986,MY,Chr_24,0.326630289
1475,51,7986,MY,Chr_25,0.20292466
1476,51,7986,MY,Chr_26,0.143387346
1477,51,7986,MY,Chr_27,0.072476753
1478,51,7986,MY,Chr_28,0.754480243
1479,51,7986,MY,Chr_29,0.294354614
1480,52,7990,MY,Chr_1,0.036681664
1481,52,7990,MY,Chr_2,0.028351212
1482,52,7990,MY,Chr_3,0.206918229
1483,52,7990,MY,Chr_4,0.158139592
1484,52,7990,MY,Chr_5,0.026866287
1485,52,7990,MY,Chr_6,0.095794498
1486,52,7990,MY,Chr_7,0.256930495
1487,52,7990,MY,Chr_8,0.038784415
1488,52,7990,MY,Chr_9,0.08841929
1489,52,7990,MY,Chr_10,0.118065509
1490,52,7990,MY,Chr_11,0.147806959
1491,52,7990,MY,Chr_12,0.086945685
1492,52,7990,MY,Chr_13,0.074845237
1493,52,7990,MY,Chr_14,0.07249235
1494,52,7990,MY,Chr_15,0.147977329
1495,52,7990,MY,Chr_16,0.019646256
1496,52,7990,MY,Chr_17,0.032324551
1497,52,7990,MY,Chr_18,0.039451306
1498,52,7990,MY,Chr_19,0.159380248
1499,52,7990,MY,Chr_20,0.062386843
1500,52,7990,MY,Chr_21,0.035646922
1501,52,7990,MY,Chr_22,0.262082078
1502,52,7990,MY,Chr_23,0.072976784
1503,52,7990,MY,Chr_24,0.154613459
1504,52,7990,MY,Chr_25,0.227584297
1505,52,7990,MY,Chr_26,0.061163774
1506,52,7990,MY,Chr_27,0.029794912
1507,52,7990,MY,Chr_28,0.081132723
1508,52,7990,MY,Chr_29,0.048022451
1509,53,7997,BO,Chr_1,0.245122587
1510,53,7997,BO,Chr_2,0.222619557
1511,53,7997,BO,Chr_3,0.288211663
1512,53,7997,BO,Chr_4,0.299431546
1513,53,7997,BO,Chr_5,0.225163885
1514,53,7997,BO,Chr_6,0.304019302
1515,53,7997,BO,Chr_7,0.169955562
1516,53,7997,BO,Chr_8,0.176867016
1517,53,7997,BO,Chr_9,0.130993599
1518,53,7997,BO,Chr_10,0.181639529
1519,53,7997,BO,Chr_11,0.335526725
1520,53,7997,BO,Chr_12,0.161666492
1521,53,7997,BO,Chr_13,0.424032899
1522,53,7997,BO,Chr_14,0.15635995
1523,53,7997,BO,Chr_15,0.146393172
1524,53,7997,BO,Chr_16,0.618103088
1525,53,7997,BO,Chr_17,0.450808706
1526,53,7997,BO,Chr_18,0.313082207
1527,53,7997,BO,Chr_19,0.300609593
1528,53,7997,BO,Chr_20,0.359333337
1529,53,7997,BO,Chr_21,0.232559248
1530,53,7997,BO,Chr_22,0.419568721
1531,53,7997,BO,Chr_23,0.616585095
1532,53,7997,BO,Chr_24,0.414063506
1533,53,7997,BO,Chr_25,0.353539673
1534,53,7997,BO,Chr_26,0.107823346
1535,53,7997,BO,Chr_27,0.221184575
1536,53,7997,BO,Chr_28,0.268517926
1537,53,7997,BO,Chr_29,0.370370768
1538,54,8010,BO,Chr_1,0.19051747
1539,54,8010,BO,Chr_2,0.111483146
1540,54,8010,BO,Chr_3,0.263235563
1541,54,8010,BO,Chr_4,0.157943457
1542,54,8010,BO,Chr_5,0.135321314
1543,54,8010,BO,Chr_6,0.275831542
1544,54,8010,BO,Chr_7,0.098160506
1545,54,8010,BO,Chr_8,0.215684319
1546,54,8010,BO,Chr_9,0.183362792
1547,54,8010,BO,Chr_10,0.140286938
1548,54,8010,BO,Chr_11,0.280893935
1549,54,8010,BO,Chr_12,0.123144211
1550,54,8010,BO,Chr_13,0.283754818
1551,54,8010,BO,Chr_14,0.107580723
1552,54,8010,BO,Chr_15,0.393071498
1553,54,8010,BO,Chr_16,0.201243342
1554,54,8010,BO,Chr_17,0.189690011
1555,54,8010,BO,Chr_18,0.099112093
1556,54,8010,BO,Chr_19,0.447805208
1557,54,8010,BO,Chr_20,0.149781247
1558,54,8010,BO,Chr_21,0.235012958
1559,54,8010,BO,Chr_22,0.219343339
1560,54,8010,BO,Chr_23,0.106935627
1561,54,8010,BO,Chr_24,0.326590106
1562,54,8010,BO,Chr_25,0.656409996
1563,54,8010,BO,Chr_26,0.406542378
1564,54,8010,BO,Chr_27,0.380835543
1565,54,8010,BO,Chr_28,0.102441348
1566,54,8010,BO,Chr_29,NA
1567,55,8011,BO,Chr_1,0.199561457
1568,55,8011,BO,Chr_2,0.245573186
1569,55,8011,BO,Chr_3,0.202271069
1570,55,8011,BO,Chr_4,0.171476765
1571,55,8011,BO,Chr_5,0.226235273
1572,55,8011,BO,Chr_6,0.434542688
1573,55,8011,BO,Chr_7,0.168655509
1574,55,8011,BO,Chr_8,0.292119761
1575,55,8011,BO,Chr_9,0.070831187
1576,55,8011,BO,Chr_10,0.137113437
1577,55,8011,BO,Chr_11,0.121446144
1578,55,8011,BO,Chr_12,0.146254931
1579,55,8011,BO,Chr_13,0.433364776
1580,55,8011,BO,Chr_14,0.120218231
1581,55,8011,BO,Chr_15,0.238835896
1582,55,8011,BO,Chr_16,0.040533759
1583,55,8011,BO,Chr_17,0.17289817
1584,55,8011,BO,Chr_18,0.187634767
1585,55,8011,BO,Chr_19,0.242649299
1586,55,8011,BO,Chr_20,0.499164883
1587,55,8011,BO,Chr_21,0.308334908
1588,55,8011,BO,Chr_22,0.176349237
1589,55,8011,BO,Chr_23,0.174047699
1590,55,8011,BO,Chr_24,0.365140538
1591,55,8011,BO,Chr_25,0.225074827
1592,55,8011,BO,Chr_26,0.158857577
1593,55,8011,BO,Chr_27,0.209483272
1594,55,8011,BO,Chr_28,0.197315797
1595,55,8011,BO,Chr_29,0.150762977
1596,56,8014,BO,Chr_1,0.196200251
1597,56,8014,BO,Chr_2,0.133957051
1598,56,8014,BO,Chr_3,0.402001895
1599,56,8014,BO,Chr_4,0.231337387
1600,56,8014,BO,Chr_5,0.327786776
1601,56,8014,BO,Chr_6,0.302012359
1602,56,8014,BO,Chr_7,0.306128975
1603,56,8014,BO,Chr_8,0.377260411
1604,56,8014,BO,Chr_9,0.122913931
1605,56,8014,BO,Chr_10,0.289488028
1606,56,8014,BO,Chr_11,0.318716764
1607,56,8014,BO,Chr_12,0.279264951
1608,56,8014,BO,Chr_13,0.125575925
1609,56,8014,BO,Chr_14,0.366818345
1610,56,8014,BO,Chr_15,0.049267647
1611,56,8014,BO,Chr_16,0.286110557
1612,56,8014,BO,Chr_17,0.441728507
1613,56,8014,BO,Chr_18,0.311115614
1614,56,8014,BO,Chr_19,0.264259031
1615,56,8014,BO,Chr_20,0.272430391
1616,56,8014,BO,Chr_21,0.167960486
1617,56,8014,BO,Chr_22,0.206727618
1618,56,8014,BO,Chr_23,0.240288165
1619,56,8014,BO,Chr_24,0.049534673
1620,56,8014,BO,Chr_25,0.67205322
1621,56,8014,BO,Chr_26,0.147665819
1622,56,8014,BO,Chr_27,0.23999482
1623,56,8014,BO,Chr_28,0.02350016
1624,56,8014,BO,Chr_29,0.232949435
1625,57,8016,BO,Chr_1,0.100009595
1626,57,8016,BO,Chr_2,0.194218851
1627,57,8016,BO,Chr_3,0.153921751
1628,57,8016,BO,Chr_4,0.140939451
1629,57,8016,BO,Chr_5,0.23039252
1630,57,8016,BO,Chr_6,0.342062229
1631,57,8016,BO,Chr_7,0.129897024
1632,57,8016,BO,Chr_8,0.266462981
1633,57,8016,BO,Chr_9,0.152547982
1634,57,8016,BO,Chr_10,0.112923176
1635,57,8016,BO,Chr_11,0.087602912
1636,57,8016,BO,Chr_12,0.134581246
1637,57,8016,BO,Chr_13,0.335188538
1638,57,8016,BO,Chr_14,0.14291014
1639,57,8016,BO,Chr_15,0.245476124
1640,57,8016,BO,Chr_16,0.321199725
1641,57,8016,BO,Chr_17,0.257828332
1642,57,8016,BO,Chr_18,0.249536734
1643,57,8016,BO,Chr_19,0.294950838
1644,57,8016,BO,Chr_20,0.071064113
1645,57,8016,BO,Chr_21,0.104752142
1646,57,8016,BO,Chr_22,0.015333144
1647,57,8016,BO,Chr_23,0.069785937
1648,57,8016,BO,Chr_24,0.172040106
1649,57,8016,BO,Chr_25,0.19966046
1650,57,8016,BO,Chr_26,0.048777903
1651,57,8016,BO,Chr_27,0.078910421
1652,57,8016,BO,Chr_28,0.182039628
1653,57,8016,BO,Chr_29,0.207537275
1654,58,8017,BO,Chr_1,0.135012785
1655,58,8017,BO,Chr_2,0.205185017
1656,58,8017,BO,Chr_3,0.205214914
1657,58,8017,BO,Chr_4,0.138739226
1658,58,8017,BO,Chr_5,0.137855342
1659,58,8017,BO,Chr_6,0.217290357
1660,58,8017,BO,Chr_7,0.181279694
1661,58,8017,BO,Chr_8,0.081168348
1662,58,8017,BO,Chr_9,0.29112621
1663,58,8017,BO,Chr_10,0.142270936
1664,58,8017,BO,Chr_11,0.081769469
1665,58,8017,BO,Chr_12,0.283814419
1666,58,8017,BO,Chr_13,0.372323849
1667,58,8017,BO,Chr_14,0.098200559
1668,58,8017,BO,Chr_15,0.185804197
1669,58,8017,BO,Chr_16,0.236434243
1670,58,8017,BO,Chr_17,0.398911175
1671,58,8017,BO,Chr_18,0.30514256
1672,58,8017,BO,Chr_19,0.20860236
1673,58,8017,BO,Chr_20,0.226057554
1674,58,8017,BO,Chr_21,0.343407173
1675,58,8017,BO,Chr_22,0.397458139
1676,58,8017,BO,Chr_23,0.178538098
1677,58,8017,BO,Chr_24,0.569041495
1678,58,8017,BO,Chr_25,0.230352891
1679,58,8017,BO,Chr_26,0.148113891
1680,58,8017,BO,Chr_27,0.210757901
1681,58,8017,BO,Chr_28,0.124478841
1682,58,8017,BO,Chr_29,0.185326054
1683,59,8022,SP,Chr_1,NA
1684,59,8022,SP,Chr_2,0.029606349
1685,59,8022,SP,Chr_3,0.008928175
1686,59,8022,SP,Chr_4,0.017998757
1687,59,8022,SP,Chr_5,NA
1688,59,8022,SP,Chr_6,0.073072132
1689,59,8022,SP,Chr_7,0.058078091
1690,59,8022,SP,Chr_8,0.023861214
1691,59,8022,SP,Chr_9,0.024091311
1692,59,8022,SP,Chr_10,0.009233109
1693,59,8022,SP,Chr_11,0.011131324
1694,59,8022,SP,Chr_12,0.050135801
1695,59,8022,SP,Chr_13,0.026205235
1696,59,8022,SP,Chr_14,0.01982064
1697,59,8022,SP,Chr_15,NA
1698,59,8022,SP,Chr_16,NA
1699,59,8022,SP,Chr_17,0.046547919
1700,59,8022,SP,Chr_18,0.017713749
1701,59,8022,SP,Chr_19,NA
1702,59,8022,SP,Chr_20,NA
1703,59,8022,SP,Chr_21,NA
1704,59,8022,SP,Chr_22,0.016372054
1705,59,8022,SP,Chr_23,NA
1706,59,8022,SP,Chr_24,NA
1707,59,8022,SP,Chr_25,NA
1708,59,8022,SP,Chr_26,NA
1709,59,8022,SP,Chr_27,NA
1710,59,8022,SP,Chr_28,NA
1711,59,8022,SP,Chr_29,NA
1712,60,8024,SP,Chr_1,0.054862551
1713,60,8024,SP,Chr_2,0.015107076
1714,60,8024,SP,Chr_3,NA
1715,60,8024,SP,Chr_4,NA
1716,60,8024,SP,Chr_5,NA
1717,60,8024,SP,Chr_6,0.016557256
1718,60,8024,SP,Chr_7,NA
1719,60,8024,SP,Chr_8,0.006541434
1720,60,8024,SP,Chr_9,0.010190208
1721,60,8024,SP,Chr_10,0.022241962
1722,60,8024,SP,Chr_11,0.021610293
1723,60,8024,SP,Chr_12,0.027216138
1724,60,8024,SP,Chr_13,0.015653088
1725,60,8024,SP,Chr_14,0.049946986
1726,60,8024,SP,Chr_15,NA
1727,60,8024,SP,Chr_16,0.028213641
1728,60,8024,SP,Chr_17,0.094344906
1729,60,8024,SP,Chr_18,0.123905213
1730,60,8024,SP,Chr_19,0.039764739
1731,60,8024,SP,Chr_20,0.067729952
1732,60,8024,SP,Chr_21,0.015513858
1733,60,8024,SP,Chr_22,0.022089032
1734,60,8024,SP,Chr_23,0.031309682
1735,60,8024,SP,Chr_24,NA
1736,60,8024,SP,Chr_25,0.071280718
1737,60,8024,SP,Chr_26,NA
1738,60,8024,SP,Chr_27,NA
1739,60,8024,SP,Chr_28,NA
1740,60,8024,SP,Chr_29,NA
1741,61,8036,SP,Chr_1,0.073750796
1742,61,8036,SP,Chr_2,0.007476623
1743,61,8036,SP,Chr_3,0.148044457
1744,61,8036,SP,Chr_4,0.100672785
1745,61,8036,SP,Chr_5,0.076683703
1746,61,8036,SP,Chr_6,0.055458709
1747,61,8036,SP,Chr_7,0.325316293
1748,61,8036,SP,Chr_8,0.039041334
1749,61,8036,SP,Chr_9,NA
1750,61,8036,SP,Chr_10,0.06180864
1751,61,8036,SP,Chr_11,0.250378486
1752,61,8036,SP,Chr_12,0.042889185
1753,61,8036,SP,Chr_13,0.259353116
1754,61,8036,SP,Chr_14,NA
1755,61,8036,SP,Chr_15,0.614925339
1756,61,8036,SP,Chr_16,NA
1757,61,8036,SP,Chr_17,0.028939966
1758,61,8036,SP,Chr_18,NA
1759,61,8036,SP,Chr_19,0.070925286
1760,61,8036,SP,Chr_20,NA
1761,61,8036,SP,Chr_21,0.015378505
1762,61,8036,SP,Chr_22,0.180671582
1763,61,8036,SP,Chr_23,0.018069101
1764,61,8036,SP,Chr_24,0.065626681
1765,61,8036,SP,Chr_25,NA
1766,61,8036,SP,Chr_26,0.045605711
1767,61,8036,SP,Chr_27,NA
1768,61,8036,SP,Chr_28,NA
1769,61,8036,SP,Chr_29,NA
1770,62,8040,SP,Chr_1,0.021625048
1771,62,8040,SP,Chr_2,0.032693231
1772,62,8040,SP,Chr_3,0.032540917
1773,62,8040,SP,Chr_4,0.019954602
1774,62,8040,SP,Chr_5,NA
1775,62,8040,SP,Chr_6,0.009489786
1776,62,8040,SP,Chr_7,0.015738342
1777,62,8040,SP,Chr_8,0.020014138
1778,62,8040,SP,Chr_9,0.01308094
1779,62,8040,SP,Chr_10,0.032463513
1780,62,8040,SP,Chr_11,0.012302401
1781,62,8040,SP,Chr_12,0.060084277
1782,62,8040,SP,Chr_13,0.035538154
1783,62,8040,SP,Chr_14,0.039470247
1784,62,8040,SP,Chr_15,0.131011242
1785,62,8040,SP,Chr_16,0.014817892
1786,62,8040,SP,Chr_17,0.05293651
1787,62,8040,SP,Chr_18,0.03455668
1788,62,8040,SP,Chr_19,0.053280083
1789,62,8040,SP,Chr_20,NA
1790,62,8040,SP,Chr_21,0.045017751
1791,62,8040,SP,Chr_22,NA
1792,62,8040,SP,Chr_23,0.067112274
1793,62,8040,SP,Chr_24,NA
1794,62,8040,SP,Chr_25,NA
1795,62,8040,SP,Chr_26,NA
1796,62,8040,SP,Chr_27,NA
1797,62,8040,SP,Chr_28,NA
1798,62,8040,SP,Chr_29,0.020498305
1799,63,8044,SP,Chr_1,0.120150091
1800,63,8044,SP,Chr_2,0.043939444
1801,63,8044,SP,Chr_3,NA
1802,63,8044,SP,Chr_4,0.108980706
1803,63,8044,SP,Chr_5,0.272446993
1804,63,8044,SP,Chr_6,0.044206252
1805,63,8044,SP,Chr_7,0.048263151
1806,63,8044,SP,Chr_8,0.035995549
1807,63,8044,SP,Chr_9,0.30982098
1808,63,8044,SP,Chr_10,0.111261767
1809,63,8044,SP,Chr_11,0.041774851
1810,63,8044,SP,Chr_12,0.013717804
1811,63,8044,SP,Chr_13,0.011695945
1812,63,8044,SP,Chr_14,0.022859161
1813,63,8044,SP,Chr_15,0.072715995
1814,63,8044,SP,Chr_16,0.048237525
1815,63,8044,SP,Chr_17,0.150753027
1816,63,8044,SP,Chr_18,0.042951616
1817,63,8044,SP,Chr_19,0.013470337
1818,63,8044,SP,Chr_20,NA
1819,63,8044,SP,Chr_21,NA
1820,63,8044,SP,Chr_22,0.020447245
1821,63,8044,SP,Chr_23,NA
1822,63,8044,SP,Chr_24,NA
1823,63,8044,SP,Chr_25,0.241293724
1824,63,8044,SP,Chr_26,NA
1825,63,8044,SP,Chr_27,NA
1826,63,8044,SP,Chr_28,NA
1827,63,8044,SP,Chr_29,NA
1828,64,8050,SP,Chr_1,0.45770419
1829,64,8050,SP,Chr_2,0.219131631
1830,64,8050,SP,Chr_3,0.962378358
1831,64,8050,SP,Chr_4,0.110767632
1832,64,8050,SP,Chr_5,0.44374097
1833,64,8050,SP,Chr_6,0.272249141
1834,64,8050,SP,Chr_7,0.20420107
1835,64,8050,SP,Chr_8,0.062702685
1836,64,8050,SP,Chr_9,0.253968682
1837,64,8050,SP,Chr_10,0.137067859
1838,64,8050,SP,Chr_11,0.139095866
1839,64,8050,SP,Chr_12,NA
1840,64,8050,SP,Chr_13,0.784693666
1841,64,8050,SP,Chr_14,0.115937908
1842,64,8050,SP,Chr_15,0.135938875
1843,64,8050,SP,Chr_16,0.197522667
1844,64,8050,SP,Chr_17,0.346640471
1845,64,8050,SP,Chr_18,NA
1846,64,8050,SP,Chr_19,NA
1847,64,8050,SP,Chr_20,NA
1848,64,8050,SP,Chr_21,0.877332932
1849,64,8050,SP,Chr_22,0.45709981
1850,64,8050,SP,Chr_23,0.069819915
1851,64,8050,SP,Chr_24,0.073731266
1852,64,8050,SP,Chr_25,0.112937681
1853,64,8050,SP,Chr_26,0.073397968
1854,64,8050,SP,Chr_27,0.514738349
1855,64,8050,SP,Chr_28,0.318295376
1856,64,8050,SP,Chr_29,NA
1857,65,8052,SP,Chr_1,0.086682217
1858,65,8052,SP,Chr_2,0.017191595
1859,65,8052,SP,Chr_3,0.009177101
1860,65,8052,SP,Chr_4,0.085515166
1861,65,8052,SP,Chr_5,0.017136571
1862,65,8052,SP,Chr_6,0.036677285
1863,65,8052,SP,Chr_7,0.025359118
1864,65,8052,SP,Chr_8,0.024334958
1865,65,8052,SP,Chr_9,0.014821258
1866,65,8052,SP,Chr_10,0.008456282
1867,65,8052,SP,Chr_11,0.020290517
1868,65,8052,SP,Chr_12,0.031933059
1869,65,8052,SP,Chr_13,0.033630545
1870,65,8052,SP,Chr_14,NA
1871,65,8052,SP,Chr_15,0.020105708
1872,65,8052,SP,Chr_16,0.012776111
1873,65,8052,SP,Chr_17,NA
1874,65,8052,SP,Chr_18,NA
1875,65,8052,SP,Chr_19,NA
1876,65,8052,SP,Chr_20,0.045603887
1877,65,8052,SP,Chr_21,0.015243242
1878,65,8052,SP,Chr_22,NA
1879,65,8052,SP,Chr_23,0.018485728
1880,65,8052,SP,Chr_24,NA
1881,65,8052,SP,Chr_25,0.051370195
1882,65,8052,SP,Chr_26,NA
1883,65,8052,SP,Chr_27,NA
1884,65,8052,SP,Chr_28,NA
1885,65,8052,SP,Chr_29,NA
1886,66,8054,SP,Chr_1,0.041032124
1887,66,8054,SP,Chr_2,0.016468749
1888,66,8054,SP,Chr_3,0.017892479
1889,66,8054,SP,Chr_4,0.008479583
1890,66,8054,SP,Chr_5,0.029270694
1891,66,8054,SP,Chr_6,0.046896773
1892,66,8054,SP,Chr_7,0.009694567
1893,66,8054,SP,Chr_8,NA
1894,66,8054,SP,Chr_9,0.011381435
1895,66,8054,SP,Chr_10,0.020087467
1896,66,8054,SP,Chr_11,0.024491875
1897,66,8054,SP,Chr_12,0.048672174
1898,66,8054,SP,Chr_13,0.019800294
1899,66,8054,SP,Chr_14,0.045769374
1900,66,8054,SP,Chr_15,0.012618845
1901,66,8054,SP,Chr_16,NA
1902,66,8054,SP,Chr_17,0.013791037
1903,66,8054,SP,Chr_18,0.045376893
1904,66,8054,SP,Chr_19,0.032692244
1905,66,8054,SP,Chr_20,0.06990538
1906,66,8054,SP,Chr_21,NA
1907,66,8054,SP,Chr_22,0.064513093
1908,66,8054,SP,Chr_23,0.023779758
1909,66,8054,SP,Chr_24,0.028640427
1910,66,8054,SP,Chr_25,0.059103991
1911,66,8054,SP,Chr_26,0.017058719
1912,66,8054,SP,Chr_27,NA
1913,66,8054,SP,Chr_28,0.052584924
1914,66,8054,SP,Chr_29,NA
1915,67,M3,MY,Chr_1,0.235791778
1916,67,M3,MY,Chr_2,0.175595107
1917,67,M3,MY,Chr_3,0.143328438
1918,67,M3,MY,Chr_4,0.214910278
1919,67,M3,MY,Chr_5,0.254520314
1920,67,M3,MY,Chr_6,0.346650577
1921,67,M3,MY,Chr_7,0.377078343
1922,67,M3,MY,Chr_8,0.465172254
1923,67,M3,MY,Chr_9,0.611721961
1924,67,M3,MY,Chr_10,0.137100965
1925,67,M3,MY,Chr_11,0.247463612
1926,67,M3,MY,Chr_12,0.232400677
1927,67,M3,MY,Chr_13,0.172998498
1928,67,M3,MY,Chr_14,0.426492771
1929,67,M3,MY,Chr_15,0.540886189
1930,67,M3,MY,Chr_16,0.030866667
1931,67,M3,MY,Chr_17,0.649481534
1932,67,M3,MY,Chr_18,0.392300823
1933,67,M3,MY,Chr_19,0.019054242
1934,67,M3,MY,Chr_20,0.736357346
1935,67,M3,MY,Chr_21,0.231170704
1936,67,M3,MY,Chr_22,0.164660539
1937,67,M3,MY,Chr_23,0.215081669
1938,67,M3,MY,Chr_24,0.280830392
1939,67,M3,MY,Chr_25,0.173899166
1940,67,M3,MY,Chr_26,0.191739509
1941,67,M3,MY,Chr_27,0.471652827
1942,67,M3,MY,Chr_28,0.194342806
1943,67,M3,MY,Chr_29,0.037502627
1944,68,MD1,BO,Chr_1,0.357984361
1945,68,MD1,BO,Chr_2,0.212064553
1946,68,MD1,BO,Chr_3,0.217068984
1947,68,MD1,BO,Chr_4,0.571216741
1948,68,MD1,BO,Chr_5,0.465931489
1949,68,MD1,BO,Chr_6,0.568269186
1950,68,MD1,BO,Chr_7,0.405990246
1951,68,MD1,BO,Chr_8,0.287134115
1952,68,MD1,BO,Chr_9,0.155791644
1953,68,MD1,BO,Chr_10,0.228318835
1954,68,MD1,BO,Chr_11,0.182461161
1955,68,MD1,BO,Chr_12,0.723302752
1956,68,MD1,BO,Chr_13,0.36407658
1957,68,MD1,BO,Chr_14,0.28816387
1958,68,MD1,BO,Chr_15,0.254942142
1959,68,MD1,BO,Chr_16,0.156623678
1960,68,MD1,BO,Chr_17,0.144441286
1961,68,MD1,BO,Chr_18,0.263327692
1962,68,MD1,BO,Chr_19,0.261034089
1963,68,MD1,BO,Chr_20,0.194866653
1964,68,MD1,BO,Chr_21,0.314488355
1965,68,MD1,BO,Chr_22,0.125781688
1966,68,MD1,BO,Chr_23,0.398321285
1967,68,MD1,BO,Chr_24,0.140746092
1968,68,MD1,BO,Chr_25,0.262880249
1969,68,MD1,BO,Chr_26,0.353852304
1970,68,MD1,BO,Chr_27,0.391828102
1971,68,MD1,BO,Chr_28,0.408334852
1972,68,MD1,BO,Chr_29,0.079339847
1973,69,MD10,BO,Chr_1,0.223015608
1974,69,MD10,BO,Chr_2,0.103363413
1975,69,MD10,BO,Chr_3,0.101451086
1976,69,MD10,BO,Chr_4,0.234285516
1977,69,MD10,BO,Chr_5,0.064027806
1978,69,MD10,BO,Chr_6,0.040200737
1979,69,MD10,BO,Chr_7,0.120144318
1980,69,MD10,BO,Chr_8,0.335705469
1981,69,MD10,BO,Chr_9,0.139327324
1982,69,MD10,BO,Chr_10,0.119418991
1983,69,MD10,BO,Chr_11,0.108956775
1984,69,MD10,BO,Chr_12,0.167092119
1985,69,MD10,BO,Chr_13,0.171091175
1986,69,MD10,BO,Chr_14,0.311878779
1987,69,MD10,BO,Chr_15,0.066765881
1988,69,MD10,BO,Chr_16,0.029386229
1989,69,MD10,BO,Chr_17,0.225050069
1990,69,MD10,BO,Chr_18,0.141821653
1991,69,MD10,BO,Chr_19,NA
1992,69,MD10,BO,Chr_20,0.104764451
1993,69,MD10,BO,Chr_21,0.148299148
1994,69,MD10,BO,Chr_22,0.554600259
1995,69,MD10,BO,Chr_23,NA
1996,69,MD10,BO,Chr_24,NA
1997,69,MD10,BO,Chr_25,0.070385652
1998,69,MD10,BO,Chr_26,0.19777695
1999,69,MD10,BO,Chr_27,0.319609676
2000,69,MD10,BO,Chr_28,0.052245904
2001,69,MD10,BO,Chr_29,NA
2002,70,MD11,BO,Chr_1,0.027017528
2003,70,MD11,BO,Chr_2,0.187906743
2004,70,MD11,BO,Chr_3,0.027807316
2005,70,MD11,BO,Chr_4,0.206327309
2006,70,MD11,BO,Chr_5,0.059985504
2007,70,MD11,BO,Chr_6,0.310759601
2008,70,MD11,BO,Chr_7,0.351696202
2009,70,MD11,BO,Chr_8,0.288440111
2010,70,MD11,BO,Chr_9,0.008485784
2011,70,MD11,BO,Chr_10,0.307041925
2012,70,MD11,BO,Chr_11,0.256736502
2013,70,MD11,BO,Chr_12,0.259439492
2014,70,MD11,BO,Chr_13,0.209886901
2015,70,MD11,BO,Chr_14,0.252949492
2016,70,MD11,BO,Chr_15,0.030113787
2017,70,MD11,BO,Chr_16,0.242627652
2018,70,MD11,BO,Chr_17,0.163572177
2019,70,MD11,BO,Chr_18,0.018604653
2020,70,MD11,BO,Chr_19,NA
2021,70,MD11,BO,Chr_20,0.17066036
2022,70,MD11,BO,Chr_21,0.061965915
2023,70,MD11,BO,Chr_22,0.153652282
2024,70,MD11,BO,Chr_23,NA
2025,70,MD11,BO,Chr_24,0.086327437
2026,70,MD11,BO,Chr_25,0.16141194
2027,70,MD11,BO,Chr_26,0.437977589
2028,70,MD11,BO,Chr_27,0.076530078
2029,70,MD11,BO,Chr_28,0.035921683
2030,70,MD11,BO,Chr_29,0.191568642
2031,71,MD12,BO,Chr_1,0.121851019
2032,71,MD12,BO,Chr_2,0.160962527
2033,71,MD12,BO,Chr_3,0.151740553
2034,71,MD12,BO,Chr_4,0.193969663
2035,71,MD12,BO,Chr_5,0.08685262
2036,71,MD12,BO,Chr_6,0.19500468
2037,71,MD12,BO,Chr_7,0.319264715
2038,71,MD12,BO,Chr_8,0.219241454
2039,71,MD12,BO,Chr_9,0.192406019
2040,71,MD12,BO,Chr_10,0.181265691
2041,71,MD12,BO,Chr_11,0.170244057
2042,71,MD12,BO,Chr_12,0.253920693
2043,71,MD12,BO,Chr_13,0.133988964
2044,71,MD12,BO,Chr_14,0.168209122
2045,71,MD12,BO,Chr_15,0.116639155
2046,71,MD12,BO,Chr_16,0.196234777
2047,71,MD12,BO,Chr_17,0.155528842
2048,71,MD12,BO,Chr_18,0.067897664
2049,71,MD12,BO,Chr_19,0.410945003
2050,71,MD12,BO,Chr_20,0.421997798
2051,71,MD12,BO,Chr_21,0.19188754
2052,71,MD12,BO,Chr_22,0.124947384
2053,71,MD12,BO,Chr_23,0.082164692
2054,71,MD12,BO,Chr_24,0.313940638
2055,71,MD12,BO,Chr_25,0.43866367
2056,71,MD12,BO,Chr_26,0.249885879
2057,71,MD12,BO,Chr_27,0.241998489
2058,71,MD12,BO,Chr_28,0.287242853
2059,71,MD12,BO,Chr_29,0.133197483
2060,72,MD13,BO,Chr_1,0.121528091
2061,72,MD13,BO,Chr_2,0.24685084
2062,72,MD13,BO,Chr_3,0.282316754
2063,72,MD13,BO,Chr_4,0.243724863
2064,72,MD13,BO,Chr_5,0.305463654
2065,72,MD13,BO,Chr_6,0.156649006
2066,72,MD13,BO,Chr_7,0.342924795
2067,72,MD13,BO,Chr_8,0.578951018
2068,72,MD13,BO,Chr_9,0.482814053
2069,72,MD13,BO,Chr_10,0.206247137
2070,72,MD13,BO,Chr_11,0.215582784
2071,72,MD13,BO,Chr_12,0.155798359
2072,72,MD13,BO,Chr_13,0.375000031
2073,72,MD13,BO,Chr_14,0.115625182
2074,72,MD13,BO,Chr_15,0.399250705
2075,72,MD13,BO,Chr_16,0.204749764
2076,72,MD13,BO,Chr_17,0.219328801
2077,72,MD13,BO,Chr_18,0.126692781
2078,72,MD13,BO,Chr_19,0.286934472
2079,72,MD13,BO,Chr_20,0.305477652
2080,72,MD13,BO,Chr_21,0.271266391
2081,72,MD13,BO,Chr_22,0.160116703
2082,72,MD13,BO,Chr_23,0.540586545
2083,72,MD13,BO,Chr_24,0.214595475
2084,72,MD13,BO,Chr_25,0.482763467
2085,72,MD13,BO,Chr_26,0.326792351
2086,72,MD13,BO,Chr_27,0.196252867
2087,72,MD13,BO,Chr_28,0.083521879
2088,72,MD13,BO,Chr_29,0.180368614
2089,73,MD2,BO,Chr_1,0.315737428
2090,73,MD2,BO,Chr_2,0.218872904
2091,73,MD2,BO,Chr_3,0.309351369
2092,73,MD2,BO,Chr_4,0.325564095
2093,73,MD2,BO,Chr_5,0.380032943
2094,73,MD2,BO,Chr_6,0.309178981
2095,73,MD2,BO,Chr_7,0.198801992
2096,73,MD2,BO,Chr_8,0.345694621
2097,73,MD2,BO,Chr_9,0.225327768
2098,73,MD2,BO,Chr_10,0.241466421
2099,73,MD2,BO,Chr_11,0.223067928
2100,73,MD2,BO,Chr_12,0.235998712
2101,73,MD2,BO,Chr_13,0.263566186
2102,73,MD2,BO,Chr_14,0.120458842
2103,73,MD2,BO,Chr_15,0.233566892
2104,73,MD2,BO,Chr_16,0.319448954
2105,73,MD2,BO,Chr_17,0.14324482
2106,73,MD2,BO,Chr_18,0.107132458
2107,73,MD2,BO,Chr_19,0.148205146
2108,73,MD2,BO,Chr_20,0.184631708
2109,73,MD2,BO,Chr_21,0.244968188
2110,73,MD2,BO,Chr_22,0.037923449
2111,73,MD2,BO,Chr_23,0.301134833
2112,73,MD2,BO,Chr_24,0.48466969
2113,73,MD2,BO,Chr_25,0.434441648
2114,73,MD2,BO,Chr_26,0.036446525
2115,73,MD2,BO,Chr_27,NA
2116,73,MD2,BO,Chr_28,0.197073852
2117,73,MD2,BO,Chr_29,0.330673945
2118,74,MD3,BO,Chr_1,0.119375258
2119,74,MD3,BO,Chr_2,0.340861346
2120,74,MD3,BO,Chr_3,0.160889446
2121,74,MD3,BO,Chr_4,0.287506867
2122,74,MD3,BO,Chr_5,0.223610644
2123,74,MD3,BO,Chr_6,0.184560487
2124,74,MD3,BO,Chr_7,0.664606727
2125,74,MD3,BO,Chr_8,0.273198279
2126,74,MD3,BO,Chr_9,0.08904503
2127,74,MD3,BO,Chr_10,0.507715619
2128,74,MD3,BO,Chr_11,0.609839174
2129,74,MD3,BO,Chr_12,0.559893979
2130,74,MD3,BO,Chr_13,0.713828053
2131,74,MD3,BO,Chr_14,0.631920276
2132,74,MD3,BO,Chr_15,0.178394501
2133,74,MD3,BO,Chr_16,0.116542283
2134,74,MD3,BO,Chr_17,0.442208235
2135,74,MD3,BO,Chr_18,0.631858813
2136,74,MD3,BO,Chr_19,0.741318934
2137,74,MD3,BO,Chr_20,0.161567855
2138,74,MD3,BO,Chr_21,0.083847071
2139,74,MD3,BO,Chr_22,0.793803607
2140,74,MD3,BO,Chr_23,0.035248251
2141,74,MD3,BO,Chr_24,0.801175444
2142,74,MD3,BO,Chr_25,0.271153988
2143,74,MD3,BO,Chr_26,0.143861438
2144,74,MD3,BO,Chr_27,0.84474581
2145,74,MD3,BO,Chr_28,0.144027651
2146,74,MD3,BO,Chr_29,0.738511136
2147,75,MD4,BO,Chr_1,0.183043706
2148,75,MD4,BO,Chr_2,0.206977119
2149,75,MD4,BO,Chr_3,0.181402023
2150,75,MD4,BO,Chr_4,0.297731314
2151,75,MD4,BO,Chr_5,0.232932485
2152,75,MD4,BO,Chr_6,0.313027559
2153,75,MD4,BO,Chr_7,0.324915166
2154,75,MD4,BO,Chr_8,0.209494763
2155,75,MD4,BO,Chr_9,0.254216634
2156,75,MD4,BO,Chr_10,0.447962942
2157,75,MD4,BO,Chr_11,0.314134973
2158,75,MD4,BO,Chr_12,0.256972152
2159,75,MD4,BO,Chr_13,0.371705439
2160,75,MD4,BO,Chr_14,0.341229899
2161,75,MD4,BO,Chr_15,0.262007668
2162,75,MD4,BO,Chr_16,0.117914074
2163,75,MD4,BO,Chr_17,0.394673091
2164,75,MD4,BO,Chr_18,0.138760548
2165,75,MD4,BO,Chr_19,0.359953235
2166,75,MD4,BO,Chr_20,0.18106257
2167,75,MD4,BO,Chr_21,0.231541418
2168,75,MD4,BO,Chr_22,0.058934305
2169,75,MD4,BO,Chr_23,0.231834027
2170,75,MD4,BO,Chr_24,0.29850141
2171,75,MD4,BO,Chr_25,0.35063079
2172,75,MD4,BO,Chr_26,0.273872957
2173,75,MD4,BO,Chr_27,0.184997242
2174,75,MD4,BO,Chr_28,0.149279831
2175,75,MD4,BO,Chr_29,0.165269041
2176,76,MD5,BO,Chr_1,0.156551336
2177,76,MD5,BO,Chr_2,0.264759049
2178,76,MD5,BO,Chr_3,0.330152454
2179,76,MD5,BO,Chr_4,0.256431941
2180,76,MD5,BO,Chr_5,0.109495602
2181,76,MD5,BO,Chr_6,0.256466637
2182,76,MD5,BO,Chr_7,0.303468928
2183,76,MD5,BO,Chr_8,0.163553028
2184,76,MD5,BO,Chr_9,0.163112367
2185,76,MD5,BO,Chr_10,0.210678322
2186,76,MD5,BO,Chr_11,0.135823621
2187,76,MD5,BO,Chr_12,0.208653344
2188,76,MD5,BO,Chr_13,0.229454431
2189,76,MD5,BO,Chr_14,0.323017937
2190,76,MD5,BO,Chr_15,0.234293865
2191,76,MD5,BO,Chr_16,0.17624922
2192,76,MD5,BO,Chr_17,0.224878941
2193,76,MD5,BO,Chr_18,0.148878495
2194,76,MD5,BO,Chr_19,0.173275993
2195,76,MD5,BO,Chr_20,0.19842853
2196,76,MD5,BO,Chr_21,0.280889713
2197,76,MD5,BO,Chr_22,0.266078721
2198,76,MD5,BO,Chr_23,0.256777586
2199,76,MD5,BO,Chr_24,0.163668652
2200,76,MD5,BO,Chr_25,0.313319166
2201,76,MD5,BO,Chr_26,0.115682144
2202,76,MD5,BO,Chr_27,0.18114467
2203,76,MD5,BO,Chr_28,0.152218404
2204,76,MD5,BO,Chr_29,0.172456116
2205,77,MD6,BO,Chr_1,0.18481579
2206,77,MD6,BO,Chr_2,0.232722502
2207,77,MD6,BO,Chr_3,0.507326968
2208,77,MD6,BO,Chr_4,0.398976683
2209,77,MD6,BO,Chr_5,0.222905551
2210,77,MD6,BO,Chr_6,0.297944247
2211,77,MD6,BO,Chr_7,0.293286073
2212,77,MD6,BO,Chr_8,0.098400808
2213,77,MD6,BO,Chr_9,0.42499347
2214,77,MD6,BO,Chr_10,0.244982974
2215,77,MD6,BO,Chr_11,0.442212471
2216,77,MD6,BO,Chr_12,0.438690475
2217,77,MD6,BO,Chr_13,0.083822049
2218,77,MD6,BO,Chr_14,0.425726277
2219,77,MD6,BO,Chr_15,0.221381222
2220,77,MD6,BO,Chr_16,0.3383828
2221,77,MD6,BO,Chr_17,0.244134204
2222,77,MD6,BO,Chr_18,0.07920632
2223,77,MD6,BO,Chr_19,0.109237637
2224,77,MD6,BO,Chr_20,0.457868085
2225,77,MD6,BO,Chr_21,0.070538417
2226,77,MD6,BO,Chr_22,0.170387386
2227,77,MD6,BO,Chr_23,0.110059712
2228,77,MD6,BO,Chr_24,0.278378514
2229,77,MD6,BO,Chr_25,0.326588798
2230,77,MD6,BO,Chr_26,0.197952553
2231,77,MD6,BO,Chr_27,0.255451006
2232,77,MD6,BO,Chr_28,0.192980083
2233,77,MD6,BO,Chr_29,0.117545484
2234,78,MD7,BO,Chr_1,0.133911648
2235,78,MD7,BO,Chr_2,0.309447025
2236,78,MD7,BO,Chr_3,0.342523482
2237,78,MD7,BO,Chr_4,0.163771084
2238,78,MD7,BO,Chr_5,0.378254389
2239,78,MD7,BO,Chr_6,0.592505919
2240,78,MD7,BO,Chr_7,0.33930927
2241,78,MD7,BO,Chr_8,0.407486732
2242,78,MD7,BO,Chr_9,0.280442701
2243,78,MD7,BO,Chr_10,0.360082198
2244,78,MD7,BO,Chr_11,0.269009467
2245,78,MD7,BO,Chr_12,0.243688598
2246,78,MD7,BO,Chr_13,0.262925408
2247,78,MD7,BO,Chr_14,0.457341917
2248,78,MD7,BO,Chr_15,0.107386541
2249,78,MD7,BO,Chr_16,0.122546788
2250,78,MD7,BO,Chr_17,0.17220206
2251,78,MD7,BO,Chr_18,0.152434159
2252,78,MD7,BO,Chr_19,0.502922232
2253,78,MD7,BO,Chr_20,0.292046653
2254,78,MD7,BO,Chr_21,0.126917614
2255,78,MD7,BO,Chr_22,0.194096152
2256,78,MD7,BO,Chr_23,0.149892461
2257,78,MD7,BO,Chr_24,0.069169022
2258,78,MD7,BO,Chr_25,0.10617627
2259,78,MD7,BO,Chr_26,0.204644216
2260,78,MD7,BO,Chr_27,0.266588035
2261,78,MD7,BO,Chr_28,0.238595507
2262,78,MD7,BO,Chr_29,0.138207689
2263,79,MD8,BO,Chr_1,0.184284753
2264,79,MD8,BO,Chr_2,0.097101221
2265,79,MD8,BO,Chr_3,0.220928165
2266,79,MD8,BO,Chr_4,0.258719593
2267,79,MD8,BO,Chr_5,0.210808791
2268,79,MD8,BO,Chr_6,0.30641981
2269,79,MD8,BO,Chr_7,0.386746516
2270,79,MD8,BO,Chr_8,0.144665055
2271,79,MD8,BO,Chr_9,0.155138761
2272,79,MD8,BO,Chr_10,0.20679233
2273,79,MD8,BO,Chr_11,0.167107763
2274,79,MD8,BO,Chr_12,0.30986987
2275,79,MD8,BO,Chr_13,0.121421896
2276,79,MD8,BO,Chr_14,0.170483327
2277,79,MD8,BO,Chr_15,0.232828053
2278,79,MD8,BO,Chr_16,0.149621572
2279,79,MD8,BO,Chr_17,0.108773701
2280,79,MD8,BO,Chr_18,0.243377517
2281,79,MD8,BO,Chr_19,0.095800282
2282,79,MD8,BO,Chr_20,0.492298201
2283,79,MD8,BO,Chr_21,0.189752411
2284,79,MD8,BO,Chr_22,0.046793588
2285,79,MD8,BO,Chr_23,NA
2286,79,MD8,BO,Chr_24,0.219050559
2287,79,MD8,BO,Chr_25,0.517119798
2288,79,MD8,BO,Chr_26,0.188165904
2289,79,MD8,BO,Chr_27,0.147420766
2290,79,MD8,BO,Chr_28,0.097968957
2291,79,MD8,BO,Chr_29,0.135625029
2292,80,MD9,BO,Chr_1,0.108014292
2293,80,MD9,BO,Chr_2,0.249112512
2294,80,MD9,BO,Chr_3,0.287894853
2295,80,MD9,BO,Chr_4,0.384968458
2296,80,MD9,BO,Chr_5,0.161006547
2297,80,MD9,BO,Chr_6,0.308554676
2298,80,MD9,BO,Chr_7,0.183309559
2299,80,MD9,BO,Chr_8,0.200100815
2300,80,MD9,BO,Chr_9,0.277270572
2301,80,MD9,BO,Chr_10,0.280271578
2302,80,MD9,BO,Chr_11,0.255865425
2303,80,MD9,BO,Chr_12,0.279564804
2304,80,MD9,BO,Chr_13,0.121403994
2305,80,MD9,BO,Chr_14,0.34051696
2306,80,MD9,BO,Chr_15,0.198070427
2307,80,MD9,BO,Chr_16,0.179886521
2308,80,MD9,BO,Chr_17,0.33131813
2309,80,MD9,BO,Chr_18,0.187218319
2310,80,MD9,BO,Chr_19,0.145811607
2311,80,MD9,BO,Chr_20,0.274430898
2312,80,MD9,BO,Chr_21,0.140311662
2313,80,MD9,BO,Chr_22,0.413072449
2314,80,MD9,BO,Chr_23,0.066127516
2315,80,MD9,BO,Chr_24,0.189806336
2316,80,MD9,BO,Chr_25,0.374179321
2317,80,MD9,BO,Chr_26,0.251717564
2318,80,MD9,BO,Chr_27,0.11826242
2319,80,MD9,BO,Chr_28,0.466124275
2320,80,MD9,BO,Chr_29,0.109031289