"","id","group","Chr_1","Chr_2","Chr_3","Chr_4","Chr_5","Chr_6","Chr_7","Chr_8","Chr_9","Chr_10","Chr_11","Chr_12","Chr_13","Chr_14","Chr_15","Chr_16","Chr_17","Chr_18","Chr_19","Chr_20","Chr_21","Chr_22","Chr_23","Chr_24","Chr_25","Chr_26","Chr_27","Chr_28","Chr_29"
"1","1","BO",0.218110907064114,0.257907280581342,0.189382962365675,0.190207035833936,0.222620090128834,0.312783268989913,0.443253998210749,0.487230273008621,0.105344672394114,0.104804053663393,0.289259672984852,0.165348546120641,0.445482393450063,0.179464739397194,0.202608089487041,0.233257003107371,0.235867012468695,0.177172941639924,0.217356380455712,0.395465891338665,0.139373425107709,0.279783159971964,0.107041449200493,0.12144537893203,0.036106372106125,0.150442279190895,0.211753567067777,0.104522337662512,0.387355737773183
"2","1285","KI",0.0309368674618852,0.332962417926141,0.0372614836158386,0.0330183488447324,0.0446698585774966,0.0151744953466797,0.0659474168903231,0.0112725111690258,0.010515508022433,0.134616020696552,0.157305086275823,0.0810333114700361,0.00384232435072732,0.0103515474481561,0.162354126457308,0.0408255668368014,0.0115217108069073,0.0185345758635936,NA,0.262142592871365,0.147849455717134,NA,0.141657196120612,0.2263803563539,0.0465715368272522,0.0373601546157725,NA,NA,NA
"3","1287K","KI",0.0236305807492798,NA,0.026416563754456,0.00767528142303182,NA,0.0039726949269896,0.0443097936351625,0.144571780259058,0.0322735414644135,0.0127579665207701,0.0346980570367694,0.104949820592355,0.0133836418025873,0.118883708011537,0.0245827296270882,0.0165181446470206,NA,0.22906922610035,0.0608470403882666,0.0517136853559094,0.0134399152879593,0.314637699082951,NA,NA,NA,0.290837304703973,NA,NA,NA
"4","1289K","KI",0.0212726863331281,0.0823304738413064,0.0200489962288269,0.0276278214148961,0.00993941488758393,0.0804677971506132,0.0121659237742839,0.0360497217849093,NA,0.104785729558204,0.017393386414379,0.0666344489596689,0.0170220460944439,0.0117264066124987,NA,NA,0.0329378102001205,NA,0.114496481539821,0.467461134604296,0.0128977841288225,NA,0.0237514288840761,0.0180271835546495,NA,NA,NA,0.0254591471369951,0.132895052480025
"5","1290K","KI",0.00646610133854622,0.05790812542835,0.0873131490295523,NA,NA,0.216424709626228,0.0634531031343448,0.0578916094994651,0.028291629536723,0.0677087996974505,0.0654658050203944,0.0613434951307057,0.0308048064839954,0.0558154553446725,0.0285113581866885,0.0440295850080015,0.043791223139189,0.0247150906131067,0.0508764669010123,NA,0.0888171463458692,0.0774013920295685,0.0501229206815748,NA,0.1180160511232,NA,0.190613297240085,NA,0.165489138626588
"6","1306K","KI",0.113040655647828,NA,0.242410885821273,0.0345396894110972,NA,0.298125091459983,0.0856579235970113,0.145912329086713,0.319474294169921,0.153206380380776,0.075328370010886,0.0305690648400794,0.302308119003265,0.248019914932018,0.119413687256606,0.291862160761686,0.107185047699967,0.0250887600081994,NA,0.105179783047451,0.0195039358994958,NA,NA,0.265749972172743,0.026220254807868,0.133641213007233,NA,NA,0.366129404895842
"7","13238","KI",0.128117493633612,0.00763579224479483,0.0512837688304854,0.0463456707254065,0.0225473356300121,0.0305985377442058,0.00872359595968701,NA,0.00989718984057607,0.0182275101123128,0.0440745658701268,NA,0.285306419011915,0.0272840263233357,0.0794951317100538,0.228624482311347,0.0597288696438454,0.0144229991987833,0.0459521470228153,0.0391976783306979,NA,NA,0.0847969042714694,NA,0.262021562609304,0.0319402281551685,0.0221412425004716,0.057697510651859,0.122157818737804
"8","13239","BO",0.217844262179482,0.257276562410872,0.500601904660251,0.30922118692703,0.285904034787087,0.28214675859611,0.192972136653138,0.373024226973251,0.23313540039315,0.255836504987719,0.192924761713562,0.199036639117716,0.158213964979593,0.230780940309105,0.248514139657836,0.332764651328036,0.257857604990596,0.0805440036129354,0.337716160134096,0.250284535784541,0.157350765949876,0.154169334770578,0.139569767894877,0.194176775885942,0.691493547929494,0.174192720592766,0.382673948084118,0.0668413018889634,0.153927753110429
"9","13240","KI",0.00648150840541989,0.0530990258470898,NA,0.03031395425701,0.0485975131515478,0.0416498384089248,0.0352657173568655,0.00786281402927378,0.0551841610309968,0.00825938860654362,0.00981186211065925,0.159287394089373,0.0546385418017387,0.047666833217439,0.138553566878395,0.0130660136530801,0.0308075559376354,0.0143124888116431,0.0416706553349693,0.0391976783306979,NA,NA,0.0393627037301356,0.187279506370801,0.128843813614331,NA,NA,0.203424380463634,NA
"10","13242","BO",0.26851037900255,0.324222372240005,0.0577354307947857,0.243397255395067,0.100727500841071,0.270414145846798,0.364168625303561,0.374260709462556,0.119307192944575,0.212574170498736,0.609232677168286,0.289485811736972,0.0784157174341142,0.431262258570405,0.323813980690036,0.203895724071866,0.260732158586384,0.221927812057313,0.170223190559371,0.244809414747455,0.263652016909132,0.285559952027014,0.0937496987933022,0.135645538628958,0.401422371723083,0.188593218591777,0.221154573972543,0.265614650471516,0.210122519072621
"11","13243","BO",0.141314501641898,0.228860236693637,0.158107658299838,0.345564717569079,0.222132894824224,0.233478190696057,0.260842961263683,0.576194714757752,0.401140439995413,0.379952944585827,0.192243150874901,0.188398084284656,0.360002831582055,0.307235935668115,0.302888342395527,0.272049144259879,0.205444781177026,0.305695915224564,0.162437428076202,0.37864883417507,0.157788047312006,0.291184331202468,0.104869561604232,0.25223705292596,0.548272443427756,0.10537450518626,0.139430490949182,0.114761884911432,0.14222372276014
"12","13244","BO",0.189859832805247,0.312947571364685,0.231429436669082,0.367283203728853,0.310950035889378,0.387856693057381,0.1895433202407,0.279376763967447,0.287462652231384,0.221754910451531,0.152765601783343,0.201019577371398,0.22555789138744,0.147664372713911,0.297606282341202,0.166030787438544,0.436806799820492,0.149085300278857,0.0494825430254236,0.219392293868968,0.167464357027244,0.252027805058898,0.166963033808128,0.38872268538128,0.102770285537065,0.153355182601299,0.150527314544653,0.0611794830571206,0.026331979995897
"13","13245","KI",0.140081039106292,0.0307960987446548,0.101096193273409,0.0574568775877581,0.0106190827449893,0.0186625032104209,0.210935109214194,NA,NA,0.0299968326340205,0.0723091075518074,0.075889173719898,NA,0.00869623855317365,NA,0.0281100292823855,NA,NA,0.0163541544045466,0.588574064825534,NA,0.0180251258827728,0.0481782289945232,0.180220079360889,NA,NA,0.0449577594611555,0.055845041615513,0.0166577490384655
"14","13247","KI",0.0609658604377279,0.0634885614657068,0.0100837453011697,0.0207231477010934,NA,0.079643980473853,0.0187456761635205,NA,0.0763764533881048,NA,NA,0.0225378353182276,NA,0.028040368422862,0.0266952092255495,NA,0.0393275846901312,0.0330591987091862,0.0182093821559104,0.118133299744576,NA,0.0398767327351757,NA,NA,0.0380341916196133,NA,NA,0.125155862445112,NA
"15","13267","MY",0.322634759472417,0.242816784321459,0.241937045344638,0.457456235795659,0.162991709463046,0.163476035413603,0.12637205049565,0.124082313564137,0.676099436562071,0.198765716123891,0.363333217958478,0.212843439949059,0.375724240630086,0.208682530807406,0.198446544691952,0.154417454278756,0.442637114438719,0.384170783998398,0.452976019264982,0.307792576762863,0.197441281228245,0.198275503311606,0.274112714927938,0.495216410636721,0.255650835513018,0.209801723575855,0.206191526875851,0.668000765022448,0.150624302205414
"16","13269","MY",0.14815276723217,0.268884819378356,0.26616277769994,0.294959496837065,0.068523102864412,0.349775295249597,0.0290652231719326,0.242807359047558,0.425763437782622,0.368136338607669,0.244521695361444,0.234463483358621,0.432069584764322,0.51105620380536,0.044867689991251,0.0356972323717558,0.414662687122289,0.111641380611185,0.520669940457224,0.185112448974644,0.197007057672919,0.106784880808255,0.11925280408755,0.426463821105206,0.0430880426924157,0.485368886347318,0.402657369063219,0.210280071311054,0.20367023359389
"17","13270","MY",0.20685373720288,0.100667464584294,0.278121083951281,0.188273085056923,0.0475222958635682,0.493662298301571,0.15223181322078,0.10434779397243,0.353998093288144,0.278795892373328,0.236588974302587,0.429186108102789,0.16473984107907,0.208553416670259,0.339740074648932,0.161953701029791,0.142600658790725,0.197100227116881,0.254633526039065,0.432725057714057,0.117638789166664,0.098134953024204,0.427806940660883,0.582616447486866,0.115016518932184,0.291680509388226,0.401481698971403,0.612402668357191,0.0983000101850769
"18","13271","MY",0.148604142009524,0.446378978339511,0.155181094761784,0.12218700215555,0.124104019004032,0.207583415418608,0.205630789997318,0.249710381119432,0.466048461482363,0.161086895913735,0.490610858189839,0.132791805480659,0.544141366907778,0.120479004889598,0.0934352456460309,0.231424840797813,0.47870760482356,0.56816998832361,0.0172581541834401,0.497548934578975,0.472310697513762,0.113597230153852,0.301359194464552,0.204730628829226,0.0384669221630847,0.227636392928717,0.447783907456083,0.327109937905925,0.0308729818361167
"19","1368","KI",0.159398518952935,0.174089802156032,0.305967724160513,0.40094190409071,0.217502129356566,0.55607171689027,0.214414919667719,0.36123223083937,0.621344932111236,0.587322988488002,0.327704737430891,0.0972535451590742,0.421829316640398,0.434317020830562,0.486434326073891,0.208051523732915,0.241017420204029,0.536299858425373,0.542159251440536,0.184547745479654,0.296671893567698,0.056493469594607,0.322567223867671,0.703523273563665,0.154597995277936,0.338123682648455,0.587730871460297,0.21127245717123,0.319630269717624
"20","192K","KI",0.0173692120266389,0.0361992203007401,0.0125557878181533,NA,0.0589893552128037,0.0990311480958439,0.00866654573069738,NA,0.0295180074950834,0.0180964665252603,0.0546046934491347,0.0468390068739283,0.264160081352653,NA,0.0244825303136479,0.192376012562501,0.0215340269418235,NA,0.0536687895798701,0.0840218855399977,0.0147978962828806,NA,NA,0.0522545719004046,0.0866429541226065,0.0333621054575117,0.0508052476165843,NA,NA
"21","2226","SP",NA,0.0545883419443232,0.0125354749863276,NA,0.0133889918943945,NA,0.0438235897250998,0.0860782019844486,NA,0.0100671786316717,0.0343394704651261,0.0124524727508843,0.0120115824906201,0.0587801508244242,0.0845870118719788,0.0153688461933652,0.060454419165064,NA,0.0164734482500127,0.0283169462201313,NA,0.0237914448450642,0.0221411728152521,0.0158308766705209,NA,NA,NA,NA,0.0303348433960694
"22","2231","MY",0.046552784969338,0.172249003117456,0.182719617058247,0.178038364347635,0.0464265636665067,0.0880324633001252,0.0614227403189254,0.092020504302431,0.361837819242045,0.133015416162527,0.141895542645054,0.337978629000782,0.0368868770066654,0.0655050720880404,0.169003825466193,0.0580915903747416,0.157533262472871,0.107245608613986,0.0555589636189828,0.012233683368225,0.0369289528931821,0.0617679852555445,NA,0.0586611221036048,0.431357035655222,0.105545502924967,0.0286180404654915,0.341880342869488,NA
"23","2232","MY",0.122547364547629,0.0979027987565861,0.0343469690467468,0.230059564776452,0.124258678173684,0.0252170146546698,0.138551175820618,0.176518803980247,0.254305879791142,0.415466624448574,0.0328835151392834,0.0604457061949698,0.154383339638144,0.063858051547083,0.080823630505655,0.0567310767400009,0.161838620214274,0.199248588393766,0.113094428748841,0.36901220260122,0.110770850161576,0.0792763694329204,0.161201167357691,0.0997748711286377,0.857531816266695,0.138348057363201,0.271148127129833,0.238506557303855,0.0315303803723024
"24","2282","SP",0.0986393210485803,0.0904276751438005,0.0156624093671545,NA,0.0147091267442887,0.138397519022255,0.00911697587965895,0.0334788337417965,0.124495220818324,0.103059974211042,NA,0.0290989300742365,NA,0.0945434233422217,0.351112272526634,NA,0.135056719921515,NA,NA,0.0157210919241389,0.0124413914741721,0.0155557054125704,NA,NA,0.138005458639408,0.0253269663792844,0.101140100209741,NA,0.0310549940806219
"25","2309","SP",0.0257835811851894,0.0100515451203099,0.15004855940018,NA,0.0237166584188083,0.164903749305355,0.269858634490187,0.150167419975864,0.0107936370988959,0.0247766522646869,0.214500499316034,0.166766926783078,0.173579143537241,0.0352872609699643,0.0223810545321183,NA,0.0606786930865949,NA,0.141124120183744,NA,0.0482539151206493,0.0339704268894825,NA,0.0302873048592834,0.241132796900792,0.0225956084925421,0.518440169739495,0.257249005478919,0.0300550742627739
"26","2310","SP",0.171235632240478,0.0670248148404053,0.333415917725906,0.00846447004867122,0.108170709883156,0.0617603320837232,0.0331575536531301,0.102552534787302,0.0318323524868729,0.166486493086131,0.12110913812931,0.357447431630837,0.370843905242938,NA,0.0853067552026939,0.284803562092661,0.303036369902752,0.21727548872071,NA,0.0920753922284743,0.185056204362702,0.28616160182601,0.256500597391597,0.0521515782256978,NA,0.523254516057059,NA,0.0458796590432993,NA
"27","2313","SP",0.0182414766308456,0.0271011780800722,0.0083459106043404,0.0554968065624208,0.0200994303675559,0.00859274436526249,0.200357793947643,0.117957928933041,0.030490772414829,0.065740360950565,NA,0.0116170136530459,0.0692771411680618,0.0821124632997914,0.0129537338122488,0.131676083354219,0.123395965407919,NA,0.0171956017770871,NA,0.100922853587878,0.0885664520500682,0.0184724043636842,0.0142299199088832,0.0611077294368731,NA,0.0196525072413033,NA,NA
"28","289","KI",0.12298811509705,NA,0.153719495737889,NA,0.0114925475696099,0.0399409642077118,0.0730451658287532,0.0186271989846483,NA,0.224241539959415,NA,0.0244819759396059,0.0731914212492418,0.014396112530105,0.0828551832985814,0.0133285456519032,0.15014529364405,0.219820752807907,0.14246011145242,0.110979307323451,0.0448797752056326,NA,0.332309210311568,0.0401725255895274,0.0455114446367691,0.0177788199281754,0.128458182349547,0.0663120448608867,NA
"29","2925","BO",0.357115207133233,0.192490075189316,0.23947581007629,0.356752715201107,0.232726615483545,0.413224854777796,0.383658038899317,0.237927455772594,0.247334240925252,0.160335627781725,0.199276821918416,0.140821228513927,0.261246606232786,0.410172991383221,0.243375382476025,0.391927148760747,0.284199740759837,0.163847471268201,0.274022132123077,0.247480513122579,0.342262309070131,0.289979597170979,0.101045117381718,0.112021036255443,0.171059620620511,0.222149770171941,0.214166699887295,0.140986633146901,0.0728591934006326
"30","2927","BO",0.101479643195051,0.176521388527917,0.225410304430688,0.116814503562899,0.0226420537851183,0.310460954113513,0.236915197595102,0.355539577839085,0.13094255103565,0.0310028926053053,0.0421589696566915,0.48708448594184,0.0618052705240198,0.124588045781747,0.136521558231142,0.213300914905734,0.371265836422575,0.250584729477951,0.146785145152408,0.231784871199259,0.0357389863907062,0.0356213215854036,0.146353003477272,0.0832226172942589,0.435765732717033,0.2325113239145,0.351969312030951,0.143098754301718,0.0264861414516542
"31","2939","BO",0.142109840639486,0.226742129917796,0.0869921857340944,0.228743951357473,0.105617923612083,0.287057887944084,0.242435586573253,0.300587542890883,0.207103046158138,0.135352052375459,0.169285527084266,0.223865819770462,0.0822991433943225,0.329469645777743,0.20886243616884,0.0466381684525653,0.203470051525096,0.0286885292939918,0.153454445373037,0.277932689129954,0.206774442065301,0.204701592553002,0.0444422534821114,0.0918437584333771,0.0964808054145105,0.14760223325918,0.0191197300008758,0.0423477375141599,0.0512353820059259
"32","2940","BO",0.114460016353953,0.0982216029565864,0.227710415782173,0.396565227026062,0.108305322644066,0.467593895030143,0.188156753672961,0.229747002057591,0.129491474118558,0.430041290787909,0.086093993374773,0.227282499821295,0.261175593370525,0.333602045743458,0.121953580936435,0.240002950266421,0.407860903955306,0.0688281973712891,0.205634307396851,0.203449708284281,0.22946503235287,0.106799328837208,0.102823806211042,NA,0.435007797298589,0.25747388326573,0.362438073007648,0.374852713157481,0.0847167855980119
"33","2966","BO",0.164225946087981,0.186375258649468,0.324707185005718,0.134165594489994,0.364831557144937,0.524561039538416,0.384475689992286,0.196303920007729,0.255053203513324,0.103780012659374,0.301328326165908,0.192122788584308,0.303743548982673,0.215666774624735,0.068930213856333,0.0512136948802694,0.256304196283111,0.204659924614864,0.218009285281775,0.324203332809633,0.143621453230777,0.238993954709646,0.142764239574482,0.235355588903779,0.327139252105454,0.205152443407345,0.188589582745736,0.114997349432845,0.265769842322356
"34","3002","BO",0.211805201876306,0.414951925103545,0.251837255817946,0.211059973910289,0.115162230540566,0.419770601284266,0.19623451587679,0.369140038494547,0.0872040340658378,0.212560851215228,0.194351765676023,0.326819326915513,0.076723405496991,0.237860462277149,0.121815317786751,0.12701147989141,0.339155593095392,0.256485885774037,0.0340749967939075,0.228442873161269,0.250001352779726,0.292935238749531,0.225163619528092,0.288819680006725,0.60210608549959,0.24009326714349,0.427878764707838,0.254301243351275,0.2388618038073
"35","3004","BO",0.178122913861684,0.56659926747038,0.26405046584337,0.335337855362506,0.203476463520505,0.357556644307007,0.294332281340632,0.431315014156778,0.124737855369136,0.214537997948225,0.128857655188806,0.341093505823084,0.272778306032089,0.294339213467273,0.186241576935858,0.257911270853267,0.306839811739081,0.219223652397152,0.0791284238086177,0.100298635815348,0.3739728148684,0.204397043311112,0.125475218110098,0.0939537347680111,0.40295692695304,0.0402651820808885,0.184760865673785,0.108781183280857,0.138763525879255
"36","3295","BO",0.170953528652384,0.0936121944862626,0.238639164610984,0.122588027328715,0.192815882457013,0.14814432227581,0.121010380587749,0.260353900314573,0.439456359464095,0.156162423818996,0.256968872421144,0.2443732097743,0.28879252527842,0.434650516026963,0.0292938574629881,0.196267130222579,0.224704415545947,0.495259137184086,0.210603392648714,0.339050177878932,0.225849505571376,0.22512942910722,0.307272484356083,0.163934435529907,0.293307457739278,0.0756727004383213,0.112822241793292,0.225925673805696,0.14565069305044
"37","3296","BO",0.306988421560199,0.133918434688733,0.304765285014165,0.201996549660117,0.334799126740595,0.252172447124179,0.198551791767791,0.106177417658624,0.237059805428626,0.0537541863668456,0.165221764403987,0.277066645371636,0.202809409765008,0.131720927414593,0.540622894799825,0.153270061216226,0.161742866719599,0.511853239188977,0.196103500183802,0.365908664890991,0.113413469755885,0.17036524686324,0.152060885587785,0.178095595733391,0.331023460172155,0.140216151829084,0.134742005881026,0.122221571304538,0.0903789729398263
"38","3297","SP",0.0065845943983145,0.0142330503972214,NA,0.0343288986620714,0.0943843486145621,0.118123185742074,NA,NA,0.173785961208317,0.0479181707618923,0.0361478098559559,0.0518338401371256,0.0944071093452679,0.0219667817722215,0.0312021523111365,0.0293341787090282,0.23228444815141,0.0351689305391717,0.0176592879884619,0.0183986230257394,NA,0.0440770305304825,NA,0.678308155940074,0.0558847062528925,NA,0.114077890830712,NA,0.0299431335275983
"39","3298","SP",NA,0.0176656106177536,0.0592547826592506,0.0579244973174169,0.0200425075763487,0.0118955163783053,0.00861988022080955,0.00998327939577929,0.0244681357478606,0.0200844503116561,0.0311174439791119,0.0113953658782421,0.0458197343205858,0.0630212636584896,0.028286508040251,NA,NA,0.0137800878055854,NA,NA,NA,0.0186584196303503,0.0488320753321697,0.0151608990884217,0.0411103659855518,0.0175614039600253,NA,NA,NA
"40","3299","SP",0.0238327831723848,0.046058363331064,NA,0.0524349924340561,0.00884314211320808,0.0105047779276613,0.0184992785155373,0.00922147740781768,0.0739488892789151,NA,0.020483118087672,0.0730389175663967,0.0219547230724164,0.0197341700591044,0.0307278991977432,NA,0.0241760383247829,0.0255336708917378,NA,NA,0.0866069366077528,NA,NA,0.0941998076316757,0.0315926808097155,0.0363264118728579,NA,0.0254164890112738,0.0660257015431735
"41","3302","SP",0.0245427410721066,0.0274237929536392,NA,0.0322787352082341,NA,0.033168440244245,0.0260057121588723,0.0202943501922813,0.02119898358479,0.0131164469640762,NA,0.0710838303420096,0.0346599836169208,0.0177427765342418,0.154465402726974,0.0600508345477949,NA,0.0672029404551342,NA,0.0135627998293108,0.0384015117077352,NA,NA,NA,NA,0.0293353639314805,NA,0.0213279981435036,NA
"42","3305","SP",0.0175573951161663,0.0166257619907053,NA,0.0118987133716029,0.0336210799349062,NA,0.0437353853388047,NA,0.0594198743265581,NA,0.0455858403364984,NA,0.0827168464096001,0.0594537827348948,NA,0.0260057951441133,0.0874940423759673,0.0258008305724592,0.0304712151967127,0.100353187583108,NA,NA,0.0308789209417364,0.0756278306544739,0.125076919427207,NA,NA,NA,0.0422757191696007
"43","333","SP",0.0183521725658617,0.110406741252872,NA,0.0718418797483288,0.0807833422974567,0.102937528658263,0.0232002981334547,0.229284608103942,0.0912560487895076,NA,0.00945583062981297,0.0262278693932681,0.421720638675094,0.0278017938403358,0.0930980147455452,0.231290111621288,NA,0.026772912074296,0.0162096850666625,0.0169214695841731,0.0168941427605757,0.0344291690910897,0.034454988602541,NA,NA,0.0293650731934526,0.773049616924207,0.0193072112068613,NA
"44","339","SP",0.247601504703077,0.146286625631719,0.125743571033686,0.110967104695813,0.0570888385389172,0.0225915396499324,0.0287451935463759,0.0895105265492794,0.126224493281027,NA,0.0222706938038459,0.0507593742251764,0.432308800349596,0.30928140393146,0.0136888622264758,NA,0.0783945233288308,NA,NA,0.0697809386965942,0.295423933660702,0.0149902448152833,0.0573016431893511,NA,NA,0.0866121691130948,0.060861868719062,0.570455056192649,0.116951416687126
"45","3427","BO",0.155461222681462,0.292318733717309,0.14943411336463,0.386540339553394,0.159540537753158,0.149943548814663,0.114862608100607,0.0215077909007936,0.0300235386090096,0.137455802934339,0.18336328900254,0.263812127579966,0.149000914532522,0.0879489921908645,0.156395224029419,0.305911394858181,0.276849884021207,0.084293732542761,0.10141922975259,0.704452075948982,0.114870739536421,0.307056372406864,0.444305474255059,0.35499608230151,0.248873994092549,NA,0.136671455425876,0.307527913933632,0.244201463715054
"46","7966","MY",NA,NA,NA,0.0115936378424637,NA,NA,NA,NA,NA,NA,NA,NA,NA,NA,NA,NA,0.013633340534449,NA,0.0190731719731287,0.0308062709139104,0.0388620413951196,NA,NA,NA,NA,NA,NA,NA,NA
"47","7974","MY",0.136114264797779,0.180881714831464,0.139651969085411,0.233939129004102,0.0517321858534719,0.0900539798577706,0.00886935760465656,0.067642147092225,0.141253832597293,0.232632668388285,0.22184426719692,NA,0.0267111333231007,0.069073593118807,0.0111765730586269,0.064326184627688,0.153683635130606,0.0749735586682757,0.109138640969936,0.333671421331702,0.232551198815406,0.263338745237767,0.041497332817222,0.117638243843409,NA,0.102314849985175,0.111421011573341,0.108683761657872,0.140045923407478
"48","7976","MY",0.0710640277229094,0.124127226515269,0.258370588725383,0.111498731110599,0.113019814528104,NA,0.0209656023550214,0.037217907643264,0.0460535377312845,0.174755144648932,0.137139635313125,0.0810972324535076,0.172762855399898,0.0336965037263302,0.072810990374294,0.143692277994351,0.0524146890510006,0.0448726115286731,0.110842896251104,0.0163598560451322,0.0783972199859512,0.109047846548936,0.0517280537053871,0.258138830383795,0.0768430261214083,0.12472205390297,0.0470499333932076,0.0499221587576195,0.0674719162942993
"49","7983","MY",0.321427212049294,0.242723614829759,0.260168899483913,0.306121788280188,0.520767273096209,0.564844238701866,0.318309733918333,0.0536523902357076,0.393441783732409,0.510526330659487,0.641778673361904,0.133286759425668,0.225866445003317,0.315965338471838,0.194927058052808,0.128395205824791,0.287286165840209,0.639041250576203,0.105233783662905,0.262720203955071,0.782296956419493,0.383958564297289,0.470019333116424,0.285365517889526,0.713249848089857,0.395135656677376,0.999675526302052,0.209696166515843,0.240268175596349
"50","7984","MY",0.0661788515190242,0.185213498008391,0.206532798539518,0.265435904374047,0.207593329164221,0.223569078639625,0.13731501866996,0.145476742146214,0.0732927279948038,0.284531044676812,0.0829083460625614,0.0853737651798129,0.153049379644835,0.0751373312546647,0.118263617441883,0.233824075829623,0.260834454331749,0.265840606441654,0.149157887022209,NA,0.27947937481581,0.0532306518598104,0.307803276367503,0.218533142818268,0.3125344696916,0.159947468441885,0.215453664752297,0.241951912696153,0.181353564047034
"51","7986","MY",0.195586962936322,0.198275401396119,0.143796257775214,0.20765332592236,0.199536871197427,0.144970671267308,0.19678608905845,0.0821798983882689,0.13008957460088,0.135482904245552,0.0970850631329691,0.0180394394741084,0.1190731367473,0.098918536650251,0.117177924388127,0.203808488056564,0.233507862950149,0.375904295512514,0.0128028324811306,0.123766457983214,0.112492785112342,0.207962336408044,0.284850070544127,0.326630288643745,0.202924659608933,0.143387346366727,0.0724767527033314,0.754480243142521,0.294354614106542
"52","7990","MY",0.0366816637605488,0.0283512119404177,0.206918228528898,0.158139591696525,0.0268662870930977,0.095794498003628,0.256930494868484,0.0387844154510543,0.0884192895199056,0.118065509281472,0.147806958919915,0.0869456854083876,0.0748452368705728,0.0724923495512875,0.147977329401995,0.0196462561555559,0.0323245507561728,0.0394513064180531,0.159380247627367,0.0623868426529542,0.0356469224231266,0.262082077800769,0.0729767839799426,0.15461345934114,0.227584297472125,0.0611637736026628,0.0297949123957297,0.0811327229926904,0.0480224513333829
"53","7997","BO",0.245122587034356,0.222619557150695,0.288211662996041,0.2994315455878,0.225163884797244,0.304019302177467,0.16995556166495,0.176867015911485,0.130993599342204,0.181639529131039,0.335526725223902,0.161666491700471,0.424032898854708,0.156359950365652,0.146393172305072,0.618103087607785,0.450808705703395,0.313082206512695,0.30060959299905,0.359333336947645,0.232559248042138,0.419568721496683,0.616585094830601,0.414063505860922,0.353539672680293,0.10782334593684,0.221184574580718,0.268517925937393,0.37037076781213
"54","8010","BO",0.190517469932418,0.111483145760066,0.263235563329162,0.15794345692567,0.135321313614767,0.275831542199637,0.0981605056926288,0.215684318595406,0.183362791906331,0.140286937728213,0.280893935274478,0.123144211325667,0.283754817746308,0.107580722527999,0.393071497952638,0.20124334237995,0.189690011458682,0.0991120933090683,0.447805208136532,0.149781246568569,0.235012958130845,0.21934333915794,0.106935626934759,0.326590105873899,0.656409995663292,0.406542378268293,0.38083554346884,0.102441347912521,NA
"55","8011","BO",0.199561456914706,0.245573186304746,0.202271068797583,0.171476764740867,0.226235272995913,0.434542688015548,0.168655509384556,0.292119760511405,0.0708311870722025,0.137113436806004,0.121446144157121,0.146254930831526,0.433364775506309,0.120218230519624,0.23883589645659,0.0405337587608242,0.172898169728811,0.187634766515326,0.24264929948307,0.499164883223683,0.308334908328676,0.176349236788055,0.174047698829427,0.365140537819224,0.225074826775184,0.158857577187753,0.209483271610994,0.197315797039998,0.150762977216649
"56","8014","BO",0.196200250689179,0.133957050991214,0.402001894659692,0.231337386647245,0.327786775837336,0.302012358859681,0.306128974831046,0.377260410631016,0.122913930838031,0.289488027931748,0.318716763872832,0.279264950562329,0.125575924982231,0.366818344989919,0.0492676465989842,0.286110557410458,0.441728507175318,0.311115613507596,0.2642590310922,0.272430390525768,0.167960486181089,0.206727617531778,0.24028816459967,0.0495346733133517,0.672053220480564,0.147665819055441,0.239994819849636,0.0235001600894881,0.232949434918455
"57","8016","BO",0.100009594723464,0.194218850764068,0.153921750570123,0.140939451306229,0.230392519765016,0.342062228731408,0.129897024148885,0.266462980807449,0.152547982389353,0.112923176088092,0.0876029122184024,0.134581246076346,0.335188538156809,0.142910140341769,0.245476123825585,0.321199725402241,0.257828331898678,0.249536733570704,0.29495083768795,0.0710641131308156,0.104752142049875,0.0153331435502927,0.0697859369053066,0.172040105808252,0.199660459976487,0.0487779025300926,0.0789104205423121,0.18203962826464,0.207537275293034
"58","8017","BO",0.135012785380494,0.205185016620592,0.205214913657148,0.138739225818095,0.13785534185303,0.217290356574901,0.181279694099602,0.0811683479975472,0.291126210169179,0.142270935819922,0.0817694689560078,0.283814418590323,0.372323848525942,0.0982005593371336,0.185804197372413,0.236434242808703,0.398911174609609,0.305142559875069,0.208602359519907,0.226057553575693,0.343407172922257,0.397458138909987,0.178538098405069,0.569041495379978,0.230352890564811,0.148113890555466,0.210757900625015,0.124478841187733,0.185326054166827
"59","8022","SP",NA,0.0296063488539311,0.00892817467445968,0.0179987574939471,NA,0.0730721315977905,0.0580780908341803,0.0238612142559083,0.0240913110630886,0.00923310895385807,0.0111313242961513,0.050135800685688,0.026205234913377,0.019820639802208,NA,NA,0.0465479187847783,0.0177137493055799,NA,NA,NA,0.0163720536131099,NA,NA,NA,NA,NA,NA,NA
"60","8024","SP",0.0548625513102284,0.0151070756439086,NA,NA,NA,0.0165572561294054,NA,0.00654143365725891,0.0101902080064505,0.0222419623421476,0.0216102930683445,0.0272161382837102,0.0156530883225824,0.049946986495866,NA,0.0282136413619525,0.0943449063428095,0.123905213437368,0.0397647385646644,0.067729952344733,0.0155138577630887,0.0220890315195849,0.0313096819556959,NA,0.0712807184681941,NA,NA,NA,NA
"61","8036","SP",0.0737507955665213,0.00747662277312286,0.148044457047382,0.100672785308958,0.0766837030508265,0.0554587092135058,0.32531629262899,0.0390413340092136,NA,0.0618086396339699,0.250378485884729,0.042889185384311,0.259353115998245,NA,0.614925339228745,NA,0.0289399660805181,NA,0.0709252857865077,NA,0.015378504844293,0.180671582406891,0.0180691012510516,0.0656266812554381,NA,0.0456057110373497,NA,NA,NA
"62","8040","SP",0.0216250479534468,0.0326932307637863,0.03254091680425,0.0199546016627194,NA,0.0094897858864785,0.0157383422608116,0.0200141376368078,0.0130809402251693,0.0324635134877422,0.0123024012458357,0.0600842768796678,0.0355381536824536,0.0394702469813571,0.131011241785553,0.0148178920500915,0.0529365101017919,0.0345566800397352,0.0532800825524357,NA,0.0450177512430097,NA,0.067112274386565,NA,NA,NA,NA,NA,0.0204983045754814
"63","8044","SP",0.120150090778735,0.0439394442023305,NA,0.108980706392442,0.272446993218431,0.0442062523520234,0.0482631510355048,0.0359955492791674,0.309820979637608,0.111261767006783,0.0417748511740348,0.0137178043507064,0.0116959449571414,0.0228591612222564,0.0727159953977454,0.0482375254397073,0.150753026974117,0.0429516163554192,0.0134703371611725,NA,NA,0.0204472446122505,NA,NA,0.241293723770126,NA,NA,NA,NA
"64","8050","SP",0.457704190189687,0.219131631388051,0.962378357544325,0.110767631570895,0.443740970162754,0.272249140679639,0.204201069569731,0.0627026846872369,0.25396868179746,0.137067858621456,0.139095866018865,NA,0.784693666342469,0.115937907812073,0.135938875101195,0.197522667105731,0.34664047075252,NA,NA,NA,0.877332932340943,0.457099809818314,0.0698199150457393,0.0737312655129765,0.112937681304912,0.0733979679263593,0.51473834866403,0.318295375741127,NA
"65","8052","SP",0.0866822172402238,0.0171915953201738,0.00917710106379722,0.0855151655257303,0.0171365711553945,0.036677284516957,0.0253591178584869,0.0243349579530287,0.0148212576448246,0.00845628192402701,0.0202905174330521,0.0319330594289881,0.0336305452373519,NA,0.0201057083129734,0.0127761109682282,NA,NA,NA,0.0456038873668359,0.0152432418609914,NA,0.0184857283305523,NA,0.0513701952540774,NA,NA,NA,NA
"66","8054","SP",0.0410321237344316,0.0164687489467106,0.0178924791286295,0.00847958321745061,0.0292706939009878,0.0468967733421118,0.0096945671957052,NA,0.0113814348630975,0.0200874673311778,0.0244918750772226,0.0486721740641477,0.0198002940657017,0.0457693743715274,0.0126188454964954,NA,0.0137910366154459,0.0453768930519496,0.0326922441406577,0.0699053796498254,NA,0.0645130934743922,0.0237797575005631,0.0286404272477174,0.0591039910152902,0.0170587192596372,NA,0.0525849238684388,NA
"67","M3","MY",0.235791778170768,0.175595106835187,0.143328437501266,0.214910277939024,0.254520314260297,0.346650577436638,0.377078342846713,0.465172253750539,0.611721960745514,0.137100965113265,0.247463611707658,0.232400676775226,0.17299849801097,0.426492771293077,0.540886188661112,0.0308666667670859,0.649481533592648,0.392300823308943,0.0190542420632288,0.736357345877281,0.231170703968432,0.164660539411976,0.215081669437161,0.280830392256613,0.173899166189069,0.191739509191029,0.471652826703562,0.194342805744131,0.0375026274231478
"68","MD1","BO",0.357984360633027,0.212064552632979,0.217068983909762,0.57121674060172,0.465931488726769,0.568269186249793,0.405990245875595,0.287134115459769,0.155791643633722,0.228318834990525,0.182461161480067,0.723302751635037,0.36407658044931,0.288163869664994,0.254942141512707,0.156623678339286,0.144441286223189,0.263327692056805,0.261034089145936,0.194866653372365,0.314488354799962,0.125781688485149,0.398321285470404,0.140746092079749,0.262880249096953,0.353852304292231,0.391828101912089,0.408334851519748,0.0793398465721344
"69","MD10","BO",0.223015608352747,0.103363412742355,0.101451085506343,0.234285515586486,0.0640278060717446,0.0402007370192999,0.120144317549311,0.335705468752287,0.139327324012653,0.119418990654605,0.108956774854593,0.167092118655195,0.171091174907558,0.311878779062829,0.0667658808282574,0.0293862293598345,0.225050069097303,0.141821652565771,NA,0.104764450832101,0.148299148177465,0.55460025933175,NA,NA,0.0703856516590728,0.197776949640408,0.31960967644106,0.0522459040271794,NA
"70","MD11","BO",0.027017527813806,0.187906743246829,0.0278073162110262,0.206327309260488,0.0599855040589293,0.310759600561316,0.351696202084756,0.288440110623968,0.00848578392734098,0.307041925371045,0.25673650163579,0.259439492053693,0.209886900975367,0.252949492038202,0.0301137874445233,0.242627652289963,0.163572177450337,0.0186046532218484,NA,0.170660359823123,0.0619659152571114,0.153652281983218,NA,0.0863274373155679,0.161411940286705,0.43797758884814,0.0765300775031584,0.0359216831993715,0.191568642021593
"71","MD12","BO",0.121851019343356,0.160962526515568,0.151740553207986,0.193969662780779,0.0868526200372424,0.195004680013159,0.3192647149404,0.219241454307487,0.192406019353091,0.181265691150234,0.170244056573852,0.253920693356638,0.133988964174433,0.16820912212777,0.116639155224945,0.196234777196243,0.155528842138553,0.067897663839929,0.410945003476842,0.421997798097391,0.191887539621644,0.124947383942405,0.0821646918441852,0.313940638005454,0.438663670027543,0.249885878549733,0.241998488586141,0.287242852570856,0.133197482685679
"72","MD13","BO",0.121528090578062,0.246850840163424,0.28231675417184,0.243724862657569,0.305463653658097,0.156649006133471,0.342924795103671,0.578951017975156,0.482814052521994,0.206247137489212,0.215582784485899,0.155798358787176,0.375000031015401,0.115625182255759,0.399250704646322,0.204749764146695,0.219328801270366,0.12669278056628,0.28693447155748,0.305477651991913,0.271266390537719,0.160116703435403,0.540586544510595,0.214595474512397,0.482763466577406,0.32679235080218,0.196252867348377,0.0835218789314248,0.180368613769686
"73","MD2","BO",0.315737428080319,0.218872904376937,0.309351369232587,0.325564094927228,0.380032942601348,0.309178981367798,0.198801992138411,0.345694621189926,0.2253277679601,0.241466420824982,0.223067927725239,0.23599871153099,0.263566186047049,0.120458841978695,0.233566891563665,0.319448954191964,0.143244819929422,0.107132458438667,0.148205145944696,0.18463170800995,0.244968187792147,0.0379234490887753,0.301134833441909,0.484669689770376,0.43444164813416,0.0364465250232739,NA,0.197073851631335,0.330673944840717
"74","MD3","BO",0.119375257961063,0.340861346042747,0.160889445811398,0.287506867240155,0.223610643999755,0.184560486874974,0.664606727119628,0.273198278892472,0.0890450300900853,0.507715618766992,0.6098391740366,0.559893979458071,0.713828052800023,0.631920275871959,0.178394500563278,0.116542282605269,0.442208235106775,0.631858813241086,0.741318934067719,0.161567855446692,0.0838470711074835,0.793803606767236,0.0352482506117483,0.801175444084039,0.27115398765451,0.143861438394854,0.844745809586253,0.144027650612869,0.738511136118238
"75","MD4","BO",0.183043706401978,0.206977118795799,0.181402023337885,0.297731314100118,0.232932485344116,0.313027558827581,0.324915166422166,0.209494763016681,0.254216633880205,0.447962941717136,0.314134973155779,0.256972151662493,0.371705438647343,0.341229899211123,0.262007668305501,0.117914074095588,0.394673090692855,0.138760547634387,0.359953234752179,0.181062570119177,0.231541418075592,0.0589343050888654,0.231834026625093,0.298501409614484,0.350630789931779,0.273872957214077,0.184997242347725,0.149279831078451,0.165269040893683
"76","MD5","BO",0.156551335594865,0.264759048894871,0.330152454054271,0.256431940781636,0.109495601813417,0.256466636819808,0.303468928094177,0.163553028185872,0.163112367392801,0.210678321846965,0.135823621075438,0.208653343514272,0.229454430659215,0.323017936832363,0.2342938652505,0.176249219803487,0.224878940522868,0.148878495009866,0.173275992661698,0.198428529866657,0.280889713257615,0.266078720604223,0.256777586058449,0.163668652199065,0.313319165982697,0.115682143597026,0.181144669916891,0.152218404233815,0.172456115778892
"77","MD6","BO",0.184815790184537,0.232722502053997,0.507326967749706,0.398976683201353,0.222905550989329,0.297944246825616,0.293286072533038,0.098400807633333,0.42499347023696,0.244982974020435,0.442212470788378,0.438690475229123,0.0838220492108714,0.425726277314176,0.221381221640717,0.338382800054911,0.24413420411154,0.0792063196463432,0.109237636672219,0.457868085454586,0.0705384166733331,0.170387385529615,0.110059712430727,0.278378513879078,0.326588797831202,0.197952553311675,0.255451006195001,0.192980083469662,0.117545484142439
"78","MD7","BO",0.133911648055603,0.309447024592108,0.342523482451413,0.163771084455518,0.378254389179213,0.592505918716679,0.339309269704488,0.407486732172402,0.280442701372248,0.360082198141899,0.269009467095826,0.243688598454974,0.262925407861208,0.457341916629971,0.107386540675622,0.122546788005578,0.172202060335698,0.152434158518001,0.502922232404918,0.292046652829095,0.126917613975964,0.194096151701815,0.149892460602974,0.0691690217784291,0.106176269576784,0.204644215636603,0.266588034687143,0.238595507481363,0.138207688645467
"79","MD8","BO",0.184284753061412,0.0971012206178236,0.220928165048986,0.258719593190762,0.210808791145783,0.306419810445887,0.386746516330487,0.144665055333377,0.155138761494302,0.206792330070412,0.167107763357483,0.309869870013576,0.121421895850879,0.170483327293308,0.232828053001727,0.149621571942271,0.108773701043085,0.243377517484826,0.0958002819816119,0.492298200524826,0.189752411031949,0.0467935883380488,NA,0.219050558790934,0.51711979815648,0.188165903696929,0.147420766307598,0.0979689570592844,0.135625029385994
"80","MD9","BO",0.108014292103852,0.249112511850382,0.287894853040986,0.384968457859245,0.161006547391346,0.308554676368537,0.183309559274775,0.200100814546768,0.277270572010566,0.280271578172641,0.255865424640513,0.279564803740269,0.121403993761389,0.340516959917119,0.19807042688491,0.179886521341713,0.331318129885113,0.187218319434767,0.145811606928984,0.274430898233621,0.140311662161873,0.413072448707942,0.0661275157897107,0.189806336393259,0.374179321184186,0.251717564215373,0.118262420104389,0.46612427504043,0.109031289192955
